2026-04-11 06:18:49,857 | INFO | 🤖 البوت يعمل الآن...
2026-04-11 06:18:50,514 | INFO | HTTP Request: POST https://api.telegram.org/bot8782666061:AAHh0Fo2Q3XPaJJK7ijuuQSECkoTlcmMbls/getMe "HTTP/1.1 200 OK"
2026-04-11 06:18:50,704 | INFO | HTTP Request: POST https://api.telegram.org/bot8782666061:AAHh0Fo2Q3XPaJJK7ijuuQSECkoTlcmMbls/deleteWebhook "HTTP/1.1 200 OK"
2026-04-11 06:18:50,706 | INFO | Application started
2026-04-11 06:19:01,298 | INFO | HTTP Request: POST https://api.telegram.org/bot8782666061:AAHh0Fo2Q3XPaJJK7ijuuQSECkoTlcmMbls/getUpdates "HTTP/1.1 200 OK"
2026-04-11 06:19:09,086 | INFO | HTTP Request: POST https://api.telegram.org/bot8782666061:AAHh0Fo2Q3XPaJJK7ijuuQSECkoTlcmMbls/getUpdates "HTTP/1.1 200 OK"
2026-04-11 06:19:09,675 | INFO | HTTP Request: POST https://api.telegram.org/bot8782666061:AAHh0Fo2Q3XPaJJK7ijuuQSECkoTlcmMbls/sendMessage "HTTP/1.1 200 OK"
2026-04-11 06:19:13,398 | INFO | HTTP Request: POST https://api.telegram.org/bot8782666061:AAHh0Fo2Q3XPaJJK7ijuuQSECkoTlcmMbls/getUpdates "HTTP/1.1 200 OK"
2026-04-11 06:19:13,626 | INFO | HTTP Request: POST https://api.telegram.org/bot8782666061:AAHh0Fo2Q3XPaJJK7ijuuQSECkoTlcmMbls/sendMessage "HTTP/1.1 200 OK"
2026-04-11 06:19:20,441 | INFO | HTTP Request: POST https://api.telegram.org/bot8782666061:AAHh0Fo2Q3XPaJJK7ijuuQSECkoTlcmMbls/getUpdates "HTTP/1.1 200 OK"
2026-04-11 06:19:21,025 | INFO | HTTP Request: POST https://api.telegram.org/bot8782666061:AAHh0Fo2Q3XPaJJK7ijuuQSECkoTlcmMbls/sendMessage "HTTP/1.1 200 OK"
2026-04-11 06:19:25,004 | INFO | HTTP Request: POST https://api.telegram.org/bot8782666061:AAHh0Fo2Q3XPaJJK7ijuuQSECkoTlcmMbls/getUpdates "HTTP/1.1 200 OK"
2026-04-11 06:19:25,219 | INFO | HTTP Request: POST https://api.telegram.org/bot8782666061:AAHh0Fo2Q3XPaJJK7ijuuQSECkoTlcmMbls/sendMessage "HTTP/1.1 200 OK"
2026-04-11 06:19:25,403 | INFO | HTTP Request: POST https://api.telegram.org/bot8782666061:AAHh0Fo2Q3XPaJJK7ijuuQSECkoTlcmMbls/getFile "HTTP/1.1 200 OK"
2026-04-11 06:19:25,655 | INFO | HTTP Request: GET https://api.telegram.org/file/bot8782666061%3AAAHh0Fo2Q3XPaJJK7ijuuQSECkoTlcmMbls/videos/file_92.mp4 "HTTP/1.1 200 OK"
2026-04-11 06:19:26,448 | INFO | تم تحميل الفيديو: downloads\BAACAgQAAxkBAAIB9WnZquinQuLvV9VAyOnleihMIqnsAAL7CQACa5XMUkhgzhJukV9vOwQ.mp4
2026-04-11 06:19:26,672 | INFO | HTTP Request: POST https://api.telegram.org/bot8782666061:AAHh0Fo2Q3XPaJJK7ijuuQSECkoTlcmMbls/editMessageText "HTTP/1.1 200 OK"
2026-04-11 06:19:26,673 | ERROR | يوتيوب ❌: [Errno 2] No such file or directory: 'client_secrets.json'
2026-04-11 06:19:26,883 | INFO | HTTP Request: POST https://api.telegram.org/bot8782666061:AAHh0Fo2Q3XPaJJK7ijuuQSECkoTlcmMbls/editMessageText "HTTP/1.1 200 OK"
2026-04-11 06:19:35,198 | INFO | HTTP Request: POST https://api.telegram.org/bot8782666061:AAHh0Fo2Q3XPaJJK7ijuuQSECkoTlcmMbls/getUpdates "HTTP/1.1 200 OK"
2026-04-11 06:19:45,407 | INFO | HTTP Request: POST https://api.telegram.org/bot8782666061:AAHh0Fo2Q3XPaJJK7ijuuQSECkoTlcmMbls/getUpdates "HTTP/1.1 200 OK"
2026-04-11 06:19:55,623 | INFO | HTTP Request: POST https://api.telegram.org/bot8782666061:AAHh0Fo2Q3XPaJJK7ijuuQSECkoTlcmMbls/getUpdates "HTTP/1.1 200 OK"
2026-04-11 06:20:03,173 | INFO | 🤖 البوت يعمل الآن...
2026-04-11 06:20:03,746 | INFO | HTTP Request: POST https://api.telegram.org/bot8782666061:AAHh0Fo2Q3XPaJJK7ijuuQSECkoTlcmMbls/getMe "HTTP/1.1 200 OK"
2026-04-11 06:20:03,933 | INFO | HTTP Request: POST https://api.telegram.org/bot8782666061:AAHh0Fo2Q3XPaJJK7ijuuQSECkoTlcmMbls/deleteWebhook "HTTP/1.1 200 OK"
2026-04-11 06:20:03,935 | INFO | Application started
2026-04-11 06:20:14,484 | INFO | HTTP Request: POST https://api.telegram.org/bot8782666061:AAHh0Fo2Q3XPaJJK7ijuuQSECkoTlcmMbls/getUpdates "HTTP/1.1 200 OK"
2026-04-11 06:20:15,610 | INFO | HTTP Request: POST https://api.telegram.org/bot8782666061:AAHh0Fo2Q3XPaJJK7ijuuQSECkoTlcmMbls/getUpdates "HTTP/1.1 200 OK"
2026-04-11 06:20:16,261 | INFO | HTTP Request: POST https://api.telegram.org/bot8782666061:AAHh0Fo2Q3XPaJJK7ijuuQSECkoTlcmMbls/sendMessage "HTTP/1.1 200 OK"
2026-04-11 06:20:18,598 | INFO | HTTP Request: POST https://api.telegram.org/bot8782666061:AAHh0Fo2Q3XPaJJK7ijuuQSECkoTlcmMbls/getUpdates "HTTP/1.1 200 OK"
2026-04-11 06:20:18,839 | INFO | HTTP Request: POST https://api.telegram.org/bot8782666061:AAHh0Fo2Q3XPaJJK7ijuuQSECkoTlcmMbls/sendMessage "HTTP/1.1 200 OK"
2026-04-11 06:20:23,974 | INFO | HTTP Request: POST https://api.telegram.org/bot8782666061:AAHh0Fo2Q3XPaJJK7ijuuQSECkoTlcmMbls/getUpdates "HTTP/1.1 200 OK"
2026-04-11 06:20:24,625 | INFO | HTTP Request: POST https://api.telegram.org/bot8782666061:AAHh0Fo2Q3XPaJJK7ijuuQSECkoTlcmMbls/sendMessage "HTTP/1.1 200 OK"
2026-04-11 06:20:24,860 | INFO | HTTP Request: POST https://api.telegram.org/bot8782666061:AAHh0Fo2Q3XPaJJK7ijuuQSECkoTlcmMbls/getFile "HTTP/1.1 200 OK"
2026-04-11 06:20:25,123 | INFO | HTTP Request: GET https://api.telegram.org/file/bot8782666061%3AAAHh0Fo2Q3XPaJJK7ijuuQSECkoTlcmMbls/videos/file_92.mp4 "HTTP/1.1 200 OK"
2026-04-11 06:20:26,385 | INFO | تم تحميل الفيديو: downloads\BAACAgQAAxkBAAIB9WnZquinQuLvV9VAyOnleihMIqnsAAL7CQACa5XMUkhgzhJukV9vOwQ.mp4
2026-04-11 06:20:26,626 | INFO | HTTP Request: POST https://api.telegram.org/bot8782666061:AAHh0Fo2Q3XPaJJK7ijuuQSECkoTlcmMbls/editMessageText "HTTP/1.1 200 OK"
2026-04-11 06:21:03,594 | INFO | 🤖 البوت يعمل الآن...
2026-04-11 06:21:04,157 | INFO | HTTP Request: POST https://api.telegram.org/bot8782666061:AAHh0Fo2Q3XPaJJK7ijuuQSECkoTlcmMbls/getMe "HTTP/1.1 200 OK"
2026-04-11 06:21:04,341 | INFO | HTTP Request: POST https://api.telegram.org/bot8782666061:AAHh0Fo2Q3XPaJJK7ijuuQSECkoTlcmMbls/deleteWebhook "HTTP/1.1 200 OK"
2026-04-11 06:21:04,343 | INFO | Application started
2026-04-11 06:21:12,186 | INFO | HTTP Request: POST https://api.telegram.org/bot8782666061:AAHh0Fo2Q3XPaJJK7ijuuQSECkoTlcmMbls/getUpdates "HTTP/1.1 200 OK"
2026-04-11 06:21:12,789 | INFO | HTTP Request: POST https://api.telegram.org/bot8782666061:AAHh0Fo2Q3XPaJJK7ijuuQSECkoTlcmMbls/sendMessage "HTTP/1.1 200 OK"
2026-04-11 06:21:17,810 | INFO | HTTP Request: POST https://api.telegram.org/bot8782666061:AAHh0Fo2Q3XPaJJK7ijuuQSECkoTlcmMbls/getUpdates "HTTP/1.1 200 OK"
2026-04-11 06:21:18,386 | INFO | HTTP Request: POST https://api.telegram.org/bot8782666061:AAHh0Fo2Q3XPaJJK7ijuuQSECkoTlcmMbls/sendMessage "HTTP/1.1 200 OK"
2026-04-11 06:21:22,256 | INFO | HTTP Request: POST https://api.telegram.org/bot8782666061:AAHh0Fo2Q3XPaJJK7ijuuQSECkoTlcmMbls/getUpdates "HTTP/1.1 200 OK"
2026-04-11 06:21:22,469 | INFO | HTTP Request: POST https://api.telegram.org/bot8782666061:AAHh0Fo2Q3XPaJJK7ijuuQSECkoTlcmMbls/sendMessage "HTTP/1.1 200 OK"
2026-04-11 06:21:22,651 | INFO | HTTP Request: POST https://api.telegram.org/bot8782666061:AAHh0Fo2Q3XPaJJK7ijuuQSECkoTlcmMbls/getFile "HTTP/1.1 200 OK"
2026-04-11 06:21:22,904 | INFO | HTTP Request: GET https://api.telegram.org/file/bot8782666061%3AAAHh0Fo2Q3XPaJJK7ijuuQSECkoTlcmMbls/videos/file_92.mp4 "HTTP/1.1 200 OK"
2026-04-11 06:21:23,685 | INFO | تم تحميل الفيديو: downloads\BAACAgQAAxkBAAIB9WnZquinQuLvV9VAyOnleihMIqnsAAL7CQACa5XMUkhgzhJukV9vOwQ.mp4
2026-04-11 06:21:23,913 | INFO | HTTP Request: POST https://api.telegram.org/bot8782666061:AAHh0Fo2Q3XPaJJK7ijuuQSECkoTlcmMbls/editMessageText "HTTP/1.1 200 OK"
2026-04-11 06:21:23,916 | INFO | file_cache is only supported with oauth2client<4.0.0
2026-04-11 06:21:23,930 | INFO | ▶️ بدء الرفع على يوتيوب: ​​تم التنزيل عبر:
2026-04-11 06:21:24,581 | WARNING | Encountered 403 Forbidden with reason "quotaExceeded"
2026-04-11 06:21:24,582 | ERROR | يوتيوب ❌: <HttpError 403 when requesting None returned "The request cannot be completed because you have exceeded your <a href="/youtube/v3/getting-started#quota">quota</a>.". Details: "[{'message': 'The request cannot be completed because you have exceeded your <a href="/youtube/v3/getting-started#quota">quota</a>.', 'domain': 'youtube.quota', 'reason': 'quotaExceeded'}]">
2026-04-11 06:21:24,817 | INFO | HTTP Request: POST https://api.telegram.org/bot8782666061:AAHh0Fo2Q3XPaJJK7ijuuQSECkoTlcmMbls/editMessageText "HTTP/1.1 200 OK"
2026-04-11 06:21:32,472 | INFO | HTTP Request: POST https://api.telegram.org/bot8782666061:AAHh0Fo2Q3XPaJJK7ijuuQSECkoTlcmMbls/getUpdates "HTTP/1.1 200 OK"
2026-04-11 06:21:39,667 | INFO | 🤖 البوت يعمل الآن...
2026-04-11 06:21:40,272 | INFO | HTTP Request: POST https://api.telegram.org/bot8782666061:AAHh0Fo2Q3XPaJJK7ijuuQSECkoTlcmMbls/getMe "HTTP/1.1 200 OK"
2026-04-11 06:21:40,456 | INFO | HTTP Request: POST https://api.telegram.org/bot8782666061:AAHh0Fo2Q3XPaJJK7ijuuQSECkoTlcmMbls/deleteWebhook "HTTP/1.1 200 OK"
2026-04-11 06:21:40,458 | INFO | Application started
2026-04-11 06:21:46,765 | INFO | HTTP Request: POST https://api.telegram.org/bot8782666061:AAHh0Fo2Q3XPaJJK7ijuuQSECkoTlcmMbls/getUpdates "HTTP/1.1 200 OK"
2026-04-11 06:21:47,363 | INFO | HTTP Request: POST https://api.telegram.org/bot8782666061:AAHh0Fo2Q3XPaJJK7ijuuQSECkoTlcmMbls/sendMessage "HTTP/1.1 200 OK"
2026-04-11 06:21:50,851 | INFO | HTTP Request: POST https://api.telegram.org/bot8782666061:AAHh0Fo2Q3XPaJJK7ijuuQSECkoTlcmMbls/getUpdates "HTTP/1.1 200 OK"
2026-04-11 06:21:51,100 | INFO | HTTP Request: POST https://api.telegram.org/bot8782666061:AAHh0Fo2Q3XPaJJK7ijuuQSECkoTlcmMbls/sendMessage "HTTP/1.1 200 OK"
2026-04-11 06:21:55,202 | INFO | HTTP Request: POST https://api.telegram.org/bot8782666061:AAHh0Fo2Q3XPaJJK7ijuuQSECkoTlcmMbls/getUpdates "HTTP/1.1 200 OK"
2026-04-11 06:21:55,427 | INFO | HTTP Request: POST https://api.telegram.org/bot8782666061:AAHh0Fo2Q3XPaJJK7ijuuQSECkoTlcmMbls/sendMessage "HTTP/1.1 200 OK"
2026-04-11 06:21:55,607 | INFO | HTTP Request: POST https://api.telegram.org/bot8782666061:AAHh0Fo2Q3XPaJJK7ijuuQSECkoTlcmMbls/getFile "HTTP/1.1 200 OK"
2026-04-11 06:21:55,856 | INFO | HTTP Request: GET https://api.telegram.org/file/bot8782666061%3AAAHh0Fo2Q3XPaJJK7ijuuQSECkoTlcmMbls/videos/file_92.mp4 "HTTP/1.1 200 OK"
2026-04-11 06:21:57,086 | INFO | تم تحميل الفيديو: downloads\BAACAgQAAxkBAAIB9WnZquinQuLvV9VAyOnleihMIqnsAAL7CQACa5XMUkhgzhJukV9vOwQ.mp4
2026-04-11 06:21:57,296 | INFO | HTTP Request: POST https://api.telegram.org/bot8782666061:AAHh0Fo2Q3XPaJJK7ijuuQSECkoTlcmMbls/editMessageText "HTTP/1.1 200 OK"
2026-04-11 06:22:10,700 | INFO | "GET /?state=7Sh6I8BrYRcqfSxwMVlWVyUyCGgAwi&iss=https://accounts.google.com&code=4/0Aci98E9utpEkeAGjRqD1KinWsNVss9zo7Pt47l5BulZl10b40olC51UY4-RVUpSbSHcGNA&scope=https://www.googleapis.com/auth/youtube.upload HTTP/1.1" 200 65
2026-04-11 06:22:11,184 | INFO | file_cache is only supported with oauth2client<4.0.0
2026-04-11 06:22:11,198 | INFO | ▶️ بدء الرفع على يوتيوب: ​​تم التنزيل عبر:
2026-04-11 06:22:14,630 | INFO | ✅ يوتيوب اكتمل: https://www.youtube.com/watch?v=T-aX-vBYENY
2026-04-11 06:22:14,630 | INFO | يوتيوب ✅: https://www.youtube.com/watch?v=T-aX-vBYENY
2026-04-11 06:22:14,631 | INFO | تم حذف الفيديو: downloads\BAACAgQAAxkBAAIB9WnZquinQuLvV9VAyOnleihMIqnsAAL7CQACa5XMUkhgzhJukV9vOwQ.mp4
2026-04-11 06:22:14,633 | INFO | HTTP Request: POST https://api.telegram.org/bot8782666061:AAHh0Fo2Q3XPaJJK7ijuuQSECkoTlcmMbls/getUpdates "HTTP/1.1 200 OK"
2026-04-11 06:22:15,224 | INFO | HTTP Request: POST https://api.telegram.org/bot8782666061:AAHh0Fo2Q3XPaJJK7ijuuQSECkoTlcmMbls/editMessageText "HTTP/1.1 200 OK"
2026-04-11 06:22:24,835 | INFO | HTTP Request: POST https://api.telegram.org/bot8782666061:AAHh0Fo2Q3XPaJJK7ijuuQSECkoTlcmMbls/getUpdates "HTTP/1.1 200 OK"
2026-04-11 06:22:35,036 | INFO | HTTP Request: POST https://api.telegram.org/bot8782666061:AAHh0Fo2Q3XPaJJK7ijuuQSECkoTlcmMbls/getUpdates "HTTP/1.1 200 OK"
2026-04-11 06:22:45,241 | INFO | HTTP Request: POST https://api.telegram.org/bot8782666061:AAHh0Fo2Q3XPaJJK7ijuuQSECkoTlcmMbls/getUpdates "HTTP/1.1 200 OK"
2026-04-11 06:22:55,441 | INFO | HTTP Request: POST https://api.telegram.org/bot8782666061:AAHh0Fo2Q3XPaJJK7ijuuQSECkoTlcmMbls/getUpdates "HTTP/1.1 200 OK"
2026-04-11 06:23:05,646 | INFO | HTTP Request: POST https://api.telegram.org/bot8782666061:AAHh0Fo2Q3XPaJJK7ijuuQSECkoTlcmMbls/getUpdates "HTTP/1.1 200 OK"
2026-04-11 06:23:15,847 | INFO | HTTP Request: POST https://api.telegram.org/bot8782666061:AAHh0Fo2Q3XPaJJK7ijuuQSECkoTlcmMbls/getUpdates "HTTP/1.1 200 OK"
2026-04-11 06:23:26,052 | INFO | HTTP Request: POST https://api.telegram.org/bot8782666061:AAHh0Fo2Q3XPaJJK7ijuuQSECkoTlcmMbls/getUpdates "HTTP/1.1 200 OK"
2026-04-11 06:23:36,252 | INFO | HTTP Request: POST https://api.telegram.org/bot8782666061:AAHh0Fo2Q3XPaJJK7ijuuQSECkoTlcmMbls/getUpdates "HTTP/1.1 200 OK"
2026-04-11 06:23:46,452 | INFO | HTTP Request: POST https://api.telegram.org/bot8782666061:AAHh0Fo2Q3XPaJJK7ijuuQSECkoTlcmMbls/getUpdates "HTTP/1.1 200 OK"
2026-04-11 06:23:56,651 | INFO | HTTP Request: POST https://api.telegram.org/bot8782666061:AAHh0Fo2Q3XPaJJK7ijuuQSECkoTlcmMbls/getUpdates "HTTP/1.1 200 OK"
2026-04-11 06:24:06,852 | INFO | HTTP Request: POST https://api.telegram.org/bot8782666061:AAHh0Fo2Q3XPaJJK7ijuuQSECkoTlcmMbls/getUpdates "HTTP/1.1 200 OK"
2026-04-11 06:24:17,055 | INFO | HTTP Request: POST https://api.telegram.org/bot8782666061:AAHh0Fo2Q3XPaJJK7ijuuQSECkoTlcmMbls/getUpdates "HTTP/1.1 200 OK"
2026-04-11 06:24:27,248 | INFO | HTTP Request: POST https://api.telegram.org/bot8782666061:AAHh0Fo2Q3XPaJJK7ijuuQSECkoTlcmMbls/getUpdates "HTTP/1.1 200 OK"
2026-04-11 06:24:37,453 | INFO | HTTP Request: POST https://api.telegram.org/bot8782666061:AAHh0Fo2Q3XPaJJK7ijuuQSECkoTlcmMbls/getUpdates "HTTP/1.1 200 OK"
2026-04-11 06:24:47,703 | INFO | HTTP Request: POST https://api.telegram.org/bot8782666061:AAHh0Fo2Q3XPaJJK7ijuuQSECkoTlcmMbls/getUpdates "HTTP/1.1 200 OK"
2026-04-11 06:24:57,902 | INFO | HTTP Request: POST https://api.telegram.org/bot8782666061:AAHh0Fo2Q3XPaJJK7ijuuQSECkoTlcmMbls/getUpdates "HTTP/1.1 200 OK"
2026-04-11 06:25:08,103 | INFO | HTTP Request: POST https://api.telegram.org/bot8782666061:AAHh0Fo2Q3XPaJJK7ijuuQSECkoTlcmMbls/getUpdates "HTTP/1.1 200 OK"
2026-04-11 06:25:18,294 | INFO | HTTP Request: POST https://api.telegram.org/bot8782666061:AAHh0Fo2Q3XPaJJK7ijuuQSECkoTlcmMbls/getUpdates "HTTP/1.1 200 OK"
2026-04-11 06:25:28,489 | INFO | HTTP Request: POST https://api.telegram.org/bot8782666061:AAHh0Fo2Q3XPaJJK7ijuuQSECkoTlcmMbls/getUpdates "HTTP/1.1 200 OK"
2026-04-11 06:25:38,689 | INFO | HTTP Request: POST https://api.telegram.org/bot8782666061:AAHh0Fo2Q3XPaJJK7ijuuQSECkoTlcmMbls/getUpdates "HTTP/1.1 200 OK"
2026-04-11 06:25:48,903 | INFO | HTTP Request: POST https://api.telegram.org/bot8782666061:AAHh0Fo2Q3XPaJJK7ijuuQSECkoTlcmMbls/getUpdates "HTTP/1.1 200 OK"
2026-04-11 06:25:59,099 | INFO | HTTP Request: POST https://api.telegram.org/bot8782666061:AAHh0Fo2Q3XPaJJK7ijuuQSECkoTlcmMbls/getUpdates "HTTP/1.1 200 OK"
2026-04-11 06:26:09,300 | INFO | HTTP Request: POST https://api.telegram.org/bot8782666061:AAHh0Fo2Q3XPaJJK7ijuuQSECkoTlcmMbls/getUpdates "HTTP/1.1 200 OK"
2026-04-11 06:26:19,500 | INFO | HTTP Request: POST https://api.telegram.org/bot8782666061:AAHh0Fo2Q3XPaJJK7ijuuQSECkoTlcmMbls/getUpdates "HTTP/1.1 200 OK"
2026-04-11 06:26:29,700 | INFO | HTTP Request: POST https://api.telegram.org/bot8782666061:AAHh0Fo2Q3XPaJJK7ijuuQSECkoTlcmMbls/getUpdates "HTTP/1.1 200 OK"
2026-04-11 06:26:39,226 | ERROR | exception calling callback for <Future at 0x24ddaa06cd0 state=finished returned list>
Traceback (most recent call last):
  File "C:\Users\MC\AppData\Local\Programs\Python\Python39\lib\concurrent\futures\_base.py", line 329, in _invoke_callbacks
    callback(self)
  File "C:\Users\MC\AppData\Local\Programs\Python\Python39\lib\asyncio\futures.py", line 398, in _call_set_state
    dest_loop.call_soon_threadsafe(_set_state, destination, source)
  File "C:\Users\MC\AppData\Local\Programs\Python\Python39\lib\asyncio\base_events.py", line 791, in call_soon_threadsafe
    self._check_closed()
  File "C:\Users\MC\AppData\Local\Programs\Python\Python39\lib\asyncio\base_events.py", line 510, in _check_closed
    raise RuntimeError('Event loop is closed')
RuntimeError: Event loop is closed
2026-04-11 06:26:41,342 | INFO | 🤖 البوت يعمل الآن...
2026-04-11 06:26:42,121 | INFO | HTTP Request: POST https://api.telegram.org/bot8782666061:AAHh0Fo2Q3XPaJJK7ijuuQSECkoTlcmMbls/getMe "HTTP/1.1 200 OK"
2026-04-11 06:26:42,334 | INFO | HTTP Request: POST https://api.telegram.org/bot8782666061:AAHh0Fo2Q3XPaJJK7ijuuQSECkoTlcmMbls/deleteWebhook "HTTP/1.1 200 OK"
2026-04-11 06:26:42,336 | INFO | Application started
2026-04-11 06:26:49,243 | INFO | HTTP Request: POST https://api.telegram.org/bot8782666061:AAHh0Fo2Q3XPaJJK7ijuuQSECkoTlcmMbls/getUpdates "HTTP/1.1 200 OK"
2026-04-11 06:26:49,867 | INFO | HTTP Request: POST https://api.telegram.org/bot8782666061:AAHh0Fo2Q3XPaJJK7ijuuQSECkoTlcmMbls/sendMessage "HTTP/1.1 200 OK"
2026-04-11 06:26:53,453 | INFO | HTTP Request: POST https://api.telegram.org/bot8782666061:AAHh0Fo2Q3XPaJJK7ijuuQSECkoTlcmMbls/getUpdates "HTTP/1.1 200 OK"
2026-04-11 06:26:53,752 | INFO | HTTP Request: POST https://api.telegram.org/bot8782666061:AAHh0Fo2Q3XPaJJK7ijuuQSECkoTlcmMbls/sendMessage "HTTP/1.1 200 OK"
2026-04-11 06:27:03,700 | INFO | HTTP Request: POST https://api.telegram.org/bot8782666061:AAHh0Fo2Q3XPaJJK7ijuuQSECkoTlcmMbls/getUpdates "HTTP/1.1 200 OK"
2026-04-11 06:27:09,598 | INFO | HTTP Request: POST https://api.telegram.org/bot8782666061:AAHh0Fo2Q3XPaJJK7ijuuQSECkoTlcmMbls/getUpdates "HTTP/1.1 200 OK"
2026-04-11 06:27:10,226 | INFO | HTTP Request: POST https://api.telegram.org/bot8782666061:AAHh0Fo2Q3XPaJJK7ijuuQSECkoTlcmMbls/sendMessage "HTTP/1.1 200 OK"
2026-04-11 06:27:10,415 | INFO | HTTP Request: POST https://api.telegram.org/bot8782666061:AAHh0Fo2Q3XPaJJK7ijuuQSECkoTlcmMbls/getFile "HTTP/1.1 200 OK"
2026-04-11 06:27:10,676 | INFO | HTTP Request: GET https://api.telegram.org/file/bot8782666061%3AAAHh0Fo2Q3XPaJJK7ijuuQSECkoTlcmMbls/videos/file_91.mp4 "HTTP/1.1 200 OK"
2026-04-11 06:27:14,464 | INFO | تم تحميل الفيديو: downloads\BAACAgQAAxkBAAIB9GnZquj4m-FwG3XztnOrzRGodPIxAAIpCwACpRnMUnlEqnRZFa8yOwQ.mp4
2026-04-11 06:27:14,686 | INFO | HTTP Request: POST https://api.telegram.org/bot8782666061:AAHh0Fo2Q3XPaJJK7ijuuQSECkoTlcmMbls/editMessageText "HTTP/1.1 200 OK"
2026-04-11 06:27:40,089 | INFO | "GET /?state=8XneenZICEnV3H2nk9hfBEMs2QAgUo&iss=https://accounts.google.com&code=4/0Aci98E_Nige_WnFAkvSjGCnU6tt-reaT1jCcIqipv--wIzQjVLzu4mjVj9_CzK0_SctnzA&scope=https://www.googleapis.com/auth/youtube.upload HTTP/1.1" 200 65
2026-04-11 06:27:40,597 | INFO | file_cache is only supported with oauth2client<4.0.0
2026-04-11 06:27:40,615 | INFO | ▶️ بدء الرفع على يوتيوب: ​​تم التنزيل عبر:
2026-04-11 06:27:47,335 | INFO | ✅ يوتيوب اكتمل: https://www.youtube.com/watch?v=yvGVJRza4BM
2026-04-11 06:27:47,335 | INFO | يوتيوب ✅: https://www.youtube.com/watch?v=yvGVJRza4BM
2026-04-11 06:27:47,335 | INFO | تم حذف الفيديو: downloads\BAACAgQAAxkBAAIB9GnZquj4m-FwG3XztnOrzRGodPIxAAIpCwACpRnMUnlEqnRZFa8yOwQ.mp4
2026-04-11 06:27:47,338 | INFO | HTTP Request: POST https://api.telegram.org/bot8782666061:AAHh0Fo2Q3XPaJJK7ijuuQSECkoTlcmMbls/getUpdates "HTTP/1.1 200 OK"
2026-04-11 06:27:47,948 | INFO | HTTP Request: POST https://api.telegram.org/bot8782666061:AAHh0Fo2Q3XPaJJK7ijuuQSECkoTlcmMbls/editMessageText "HTTP/1.1 200 OK"
2026-04-11 06:27:57,531 | INFO | HTTP Request: POST https://api.telegram.org/bot8782666061:AAHh0Fo2Q3XPaJJK7ijuuQSECkoTlcmMbls/getUpdates "HTTP/1.1 200 OK"
2026-04-11 06:28:07,762 | INFO | HTTP Request: POST https://api.telegram.org/bot8782666061:AAHh0Fo2Q3XPaJJK7ijuuQSECkoTlcmMbls/getUpdates "HTTP/1.1 200 OK"
2026-04-11 06:28:17,956 | INFO | HTTP Request: POST https://api.telegram.org/bot8782666061:AAHh0Fo2Q3XPaJJK7ijuuQSECkoTlcmMbls/getUpdates "HTTP/1.1 200 OK"
2026-04-11 06:28:28,160 | INFO | HTTP Request: POST https://api.telegram.org/bot8782666061:AAHh0Fo2Q3XPaJJK7ijuuQSECkoTlcmMbls/getUpdates "HTTP/1.1 200 OK"
2026-04-11 06:28:38,352 | INFO | HTTP Request: POST https://api.telegram.org/bot8782666061:AAHh0Fo2Q3XPaJJK7ijuuQSECkoTlcmMbls/getUpdates "HTTP/1.1 200 OK"
2026-04-11 06:28:48,561 | INFO | HTTP Request: POST https://api.telegram.org/bot8782666061:AAHh0Fo2Q3XPaJJK7ijuuQSECkoTlcmMbls/getUpdates "HTTP/1.1 200 OK"
2026-04-11 06:28:58,751 | INFO | HTTP Request: POST https://api.telegram.org/bot8782666061:AAHh0Fo2Q3XPaJJK7ijuuQSECkoTlcmMbls/getUpdates "HTTP/1.1 200 OK"
2026-04-11 06:29:08,943 | INFO | HTTP Request: POST https://api.telegram.org/bot8782666061:AAHh0Fo2Q3XPaJJK7ijuuQSECkoTlcmMbls/getUpdates "HTTP/1.1 200 OK"
2026-04-11 06:29:19,148 | INFO | HTTP Request: POST https://api.telegram.org/bot8782666061:AAHh0Fo2Q3XPaJJK7ijuuQSECkoTlcmMbls/getUpdates "HTTP/1.1 200 OK"
2026-04-11 06:29:29,341 | INFO | HTTP Request: POST https://api.telegram.org/bot8782666061:AAHh0Fo2Q3XPaJJK7ijuuQSECkoTlcmMbls/getUpdates "HTTP/1.1 200 OK"
2026-04-11 06:29:39,535 | INFO | HTTP Request: POST https://api.telegram.org/bot8782666061:AAHh0Fo2Q3XPaJJK7ijuuQSECkoTlcmMbls/getUpdates "HTTP/1.1 200 OK"
2026-04-11 06:29:49,731 | INFO | HTTP Request: POST https://api.telegram.org/bot8782666061:AAHh0Fo2Q3XPaJJK7ijuuQSECkoTlcmMbls/getUpdates "HTTP/1.1 200 OK"
2026-04-11 06:29:59,938 | INFO | HTTP Request: POST https://api.telegram.org/bot8782666061:AAHh0Fo2Q3XPaJJK7ijuuQSECkoTlcmMbls/getUpdates "HTTP/1.1 200 OK"
2026-04-11 06:30:10,142 | INFO | HTTP Request: POST https://api.telegram.org/bot8782666061:AAHh0Fo2Q3XPaJJK7ijuuQSECkoTlcmMbls/getUpdates "HTTP/1.1 200 OK"
2026-04-11 06:30:17,988 | INFO | HTTP Request: POST https://api.telegram.org/bot8782666061:AAHh0Fo2Q3XPaJJK7ijuuQSECkoTlcmMbls/getUpdates "HTTP/1.1 200 OK"
2026-04-11 06:30:17,989 | INFO | Application is stopping. This might take a moment.
2026-04-11 06:30:17,989 | INFO | Application.stop() complete
2026-04-11 06:30:21,053 | INFO | 🤖 البوت يعمل الآن...
2026-04-11 06:30:21,644 | INFO | HTTP Request: POST https://api.telegram.org/bot8782666061:AAHh0Fo2Q3XPaJJK7ijuuQSECkoTlcmMbls/getMe "HTTP/1.1 200 OK"
2026-04-11 06:30:21,833 | INFO | HTTP Request: POST https://api.telegram.org/bot8782666061:AAHh0Fo2Q3XPaJJK7ijuuQSECkoTlcmMbls/deleteWebhook "HTTP/1.1 200 OK"
2026-04-11 06:30:21,837 | INFO | Application started
2026-04-11 06:30:32,396 | INFO | HTTP Request: POST https://api.telegram.org/bot8782666061:AAHh0Fo2Q3XPaJJK7ijuuQSECkoTlcmMbls/getUpdates "HTTP/1.1 200 OK"
2026-04-11 06:30:38,458 | INFO | HTTP Request: POST https://api.telegram.org/bot8782666061:AAHh0Fo2Q3XPaJJK7ijuuQSECkoTlcmMbls/getUpdates "HTTP/1.1 200 OK"
2026-04-11 06:30:39,038 | INFO | HTTP Request: POST https://api.telegram.org/bot8782666061:AAHh0Fo2Q3XPaJJK7ijuuQSECkoTlcmMbls/sendMessage "HTTP/1.1 200 OK"
2026-04-11 06:30:45,359 | INFO | HTTP Request: POST https://api.telegram.org/bot8782666061:AAHh0Fo2Q3XPaJJK7ijuuQSECkoTlcmMbls/getUpdates "HTTP/1.1 200 OK"
2026-04-11 06:30:45,921 | INFO | HTTP Request: POST https://api.telegram.org/bot8782666061:AAHh0Fo2Q3XPaJJK7ijuuQSECkoTlcmMbls/sendMessage "HTTP/1.1 200 OK"
2026-04-11 06:30:50,883 | INFO | HTTP Request: POST https://api.telegram.org/bot8782666061:AAHh0Fo2Q3XPaJJK7ijuuQSECkoTlcmMbls/getUpdates "HTTP/1.1 200 OK"
2026-04-11 06:30:51,131 | INFO | HTTP Request: POST https://api.telegram.org/bot8782666061:AAHh0Fo2Q3XPaJJK7ijuuQSECkoTlcmMbls/sendMessage "HTTP/1.1 200 OK"
2026-04-11 06:30:51,311 | INFO | HTTP Request: POST https://api.telegram.org/bot8782666061:AAHh0Fo2Q3XPaJJK7ijuuQSECkoTlcmMbls/getFile "HTTP/1.1 200 OK"
2026-04-11 06:30:51,557 | INFO | HTTP Request: GET https://api.telegram.org/file/bot8782666061%3AAAHh0Fo2Q3XPaJJK7ijuuQSECkoTlcmMbls/videos/file_90.mp4 "HTTP/1.1 200 OK"
2026-04-11 06:30:55,701 | INFO | تم تحميل الفيديو: downloads\BAACAgQAAxkBAAIB82nZqujdERUi027JL04xuxiuPpJuAALQCgACgOHMUj5n8s9HvF0fOwQ.mp4
2026-04-11 06:30:55,929 | INFO | HTTP Request: POST https://api.telegram.org/bot8782666061:AAHh0Fo2Q3XPaJJK7ijuuQSECkoTlcmMbls/editMessageText "HTTP/1.1 200 OK"
2026-04-11 06:34:50,994 | INFO | 🤖 البوت يعمل الآن...
2026-04-11 06:34:51,664 | INFO | HTTP Request: POST https://api.telegram.org/bot8782666061:AAHh0Fo2Q3XPaJJK7ijuuQSECkoTlcmMbls/getMe "HTTP/1.1 200 OK"
2026-04-11 06:34:51,859 | INFO | HTTP Request: POST https://api.telegram.org/bot8782666061:AAHh0Fo2Q3XPaJJK7ijuuQSECkoTlcmMbls/deleteWebhook "HTTP/1.1 200 OK"
2026-04-11 06:34:51,861 | INFO | Application started
2026-04-11 06:34:52,456 | INFO | HTTP Request: POST https://api.telegram.org/bot8782666061:AAHh0Fo2Q3XPaJJK7ijuuQSECkoTlcmMbls/getUpdates "HTTP/1.1 200 OK"
2026-04-11 06:34:52,680 | INFO | HTTP Request: POST https://api.telegram.org/bot8782666061:AAHh0Fo2Q3XPaJJK7ijuuQSECkoTlcmMbls/sendMessage "HTTP/1.1 200 OK"
2026-04-11 06:34:52,889 | INFO | HTTP Request: POST https://api.telegram.org/bot8782666061:AAHh0Fo2Q3XPaJJK7ijuuQSECkoTlcmMbls/sendMessage "HTTP/1.1 200 OK"
2026-04-11 06:34:53,105 | INFO | HTTP Request: POST https://api.telegram.org/bot8782666061:AAHh0Fo2Q3XPaJJK7ijuuQSECkoTlcmMbls/sendMessage "HTTP/1.1 200 OK"
2026-04-11 06:35:02,421 | INFO | HTTP Request: POST https://api.telegram.org/bot8782666061:AAHh0Fo2Q3XPaJJK7ijuuQSECkoTlcmMbls/getUpdates "HTTP/1.1 200 OK"
2026-04-11 06:35:03,100 | INFO | HTTP Request: POST https://api.telegram.org/bot8782666061:AAHh0Fo2Q3XPaJJK7ijuuQSECkoTlcmMbls/sendMessage "HTTP/1.1 200 OK"
2026-04-11 06:35:05,585 | INFO | HTTP Request: POST https://api.telegram.org/bot8782666061:AAHh0Fo2Q3XPaJJK7ijuuQSECkoTlcmMbls/getUpdates "HTTP/1.1 200 OK"
2026-04-11 06:35:05,817 | INFO | HTTP Request: POST https://api.telegram.org/bot8782666061:AAHh0Fo2Q3XPaJJK7ijuuQSECkoTlcmMbls/sendMessage "HTTP/1.1 200 OK"
2026-04-11 06:35:10,097 | INFO | HTTP Request: POST https://api.telegram.org/bot8782666061:AAHh0Fo2Q3XPaJJK7ijuuQSECkoTlcmMbls/getUpdates "HTTP/1.1 200 OK"
2026-04-11 06:35:10,327 | INFO | HTTP Request: POST https://api.telegram.org/bot8782666061:AAHh0Fo2Q3XPaJJK7ijuuQSECkoTlcmMbls/sendMessage "HTTP/1.1 200 OK"
2026-04-11 06:35:10,533 | INFO | HTTP Request: POST https://api.telegram.org/bot8782666061:AAHh0Fo2Q3XPaJJK7ijuuQSECkoTlcmMbls/getFile "HTTP/1.1 200 OK"
2026-04-11 06:35:10,807 | INFO | HTTP Request: GET https://api.telegram.org/file/bot8782666061%3AAAHh0Fo2Q3XPaJJK7ijuuQSECkoTlcmMbls/videos/file_90.mp4 "HTTP/1.1 200 OK"
2026-04-11 06:35:15,416 | INFO | تم تحميل الفيديو: downloads\BAACAgQAAxkBAAIB82nZqujdERUi027JL04xuxiuPpJuAALQCgACgOHMUj5n8s9HvF0fOwQ.mp4
2026-04-11 06:35:15,679 | INFO | HTTP Request: POST https://api.telegram.org/bot8782666061:AAHh0Fo2Q3XPaJJK7ijuuQSECkoTlcmMbls/editMessageText "HTTP/1.1 200 OK"
2026-04-11 06:35:44,125 | INFO | 🤖 البوت يعمل الآن...
2026-04-11 06:35:44,735 | INFO | HTTP Request: POST https://api.telegram.org/bot8782666061:AAHh0Fo2Q3XPaJJK7ijuuQSECkoTlcmMbls/getMe "HTTP/1.1 200 OK"
2026-04-11 06:35:44,928 | INFO | HTTP Request: POST https://api.telegram.org/bot8782666061:AAHh0Fo2Q3XPaJJK7ijuuQSECkoTlcmMbls/deleteWebhook "HTTP/1.1 200 OK"
2026-04-11 06:35:44,931 | INFO | Application started
2026-04-11 06:35:45,486 | INFO | HTTP Request: POST https://api.telegram.org/bot8782666061:AAHh0Fo2Q3XPaJJK7ijuuQSECkoTlcmMbls/getUpdates "HTTP/1.1 200 OK"
2026-04-11 06:35:45,701 | INFO | HTTP Request: POST https://api.telegram.org/bot8782666061:AAHh0Fo2Q3XPaJJK7ijuuQSECkoTlcmMbls/sendMessage "HTTP/1.1 200 OK"
2026-04-11 06:35:55,695 | INFO | HTTP Request: POST https://api.telegram.org/bot8782666061:AAHh0Fo2Q3XPaJJK7ijuuQSECkoTlcmMbls/getUpdates "HTTP/1.1 200 OK"
2026-04-11 06:35:57,882 | INFO | HTTP Request: POST https://api.telegram.org/bot8782666061:AAHh0Fo2Q3XPaJJK7ijuuQSECkoTlcmMbls/getUpdates "HTTP/1.1 200 OK"
2026-04-11 06:35:58,497 | INFO | HTTP Request: POST https://api.telegram.org/bot8782666061:AAHh0Fo2Q3XPaJJK7ijuuQSECkoTlcmMbls/sendMessage "HTTP/1.1 200 OK"
2026-04-11 06:36:01,742 | INFO | HTTP Request: POST https://api.telegram.org/bot8782666061:AAHh0Fo2Q3XPaJJK7ijuuQSECkoTlcmMbls/getUpdates "HTTP/1.1 200 OK"
2026-04-11 06:36:01,969 | INFO | HTTP Request: POST https://api.telegram.org/bot8782666061:AAHh0Fo2Q3XPaJJK7ijuuQSECkoTlcmMbls/sendMessage "HTTP/1.1 200 OK"
2026-04-11 06:36:04,451 | INFO | HTTP Request: POST https://api.telegram.org/bot8782666061:AAHh0Fo2Q3XPaJJK7ijuuQSECkoTlcmMbls/getUpdates "HTTP/1.1 200 OK"
2026-04-11 06:36:04,648 | INFO | HTTP Request: POST https://api.telegram.org/bot8782666061:AAHh0Fo2Q3XPaJJK7ijuuQSECkoTlcmMbls/sendMessage "HTTP/1.1 400 Bad Request"
2026-04-11 06:36:04,649 | ERROR | No error handlers are registered, logging exception.
Traceback (most recent call last):
  File "C:\Users\MC\AppData\Local\Programs\Python\Python39\lib\site-packages\telegram\ext\_application.py", line 1335, in process_update
    await coroutine
  File "C:\Users\MC\AppData\Local\Programs\Python\Python39\lib\site-packages\telegram\ext\_handlers\basehandler.py", line 158, in handle_update
    return await self.callback(update, context)
  File "C:\Users\MC\Desktop\youube\main.py", line 189, in start
    await update.message.reply_text(text, parse_mode="Markdown")
  File "C:\Users\MC\AppData\Local\Programs\Python\Python39\lib\site-packages\telegram\_message.py", line 1762, in reply_text
    return await self.get_bot().send_message(
  File "C:\Users\MC\AppData\Local\Programs\Python\Python39\lib\site-packages\telegram\ext\_extbot.py", line 2909, in send_message
    return await super().send_message(
  File "C:\Users\MC\AppData\Local\Programs\Python\Python39\lib\site-packages\telegram\_bot.py", line 1029, in send_message
    return await self._send_message(
  File "C:\Users\MC\AppData\Local\Programs\Python\Python39\lib\site-packages\telegram\ext\_extbot.py", line 610, in _send_message
    result = await super()._send_message(
  File "C:\Users\MC\AppData\Local\Programs\Python\Python39\lib\site-packages\telegram\_bot.py", line 745, in _send_message
    result = await self._post(
  File "C:\Users\MC\AppData\Local\Programs\Python\Python39\lib\site-packages\telegram\_bot.py", line 623, in _post
    return await self._do_post(
  File "C:\Users\MC\AppData\Local\Programs\Python\Python39\lib\site-packages\telegram\ext\_extbot.py", line 355, in _do_post
    return await super()._do_post(
  File "C:\Users\MC\AppData\Local\Programs\Python\Python39\lib\site-packages\telegram\_bot.py", line 652, in _do_post
    result = await request.post(
  File "C:\Users\MC\AppData\Local\Programs\Python\Python39\lib\site-packages\telegram\request\_baserequest.py", line 201, in post
    result = await self._request_wrapper(
  File "C:\Users\MC\AppData\Local\Programs\Python\Python39\lib\site-packages\telegram\request\_baserequest.py", line 382, in _request_wrapper
    raise BadRequest(message)
telegram.error.BadRequest: Can't parse entities: can't find end of the entity starting at byte offset 212
2026-04-11 06:36:10,798 | INFO | HTTP Request: POST https://api.telegram.org/bot8782666061:AAHh0Fo2Q3XPaJJK7ijuuQSECkoTlcmMbls/getUpdates "HTTP/1.1 200 OK"
2026-04-11 06:36:20,603 | INFO | HTTP Request: POST https://api.telegram.org/bot8782666061:AAHh0Fo2Q3XPaJJK7ijuuQSECkoTlcmMbls/getUpdates "HTTP/1.1 200 OK"
2026-04-11 06:36:21,203 | INFO | HTTP Request: POST https://api.telegram.org/bot8782666061:AAHh0Fo2Q3XPaJJK7ijuuQSECkoTlcmMbls/sendMessage "HTTP/1.1 200 OK"
2026-04-11 06:36:30,797 | INFO | HTTP Request: POST https://api.telegram.org/bot8782666061:AAHh0Fo2Q3XPaJJK7ijuuQSECkoTlcmMbls/getUpdates "HTTP/1.1 200 OK"
2026-04-11 06:36:41,002 | INFO | HTTP Request: POST https://api.telegram.org/bot8782666061:AAHh0Fo2Q3XPaJJK7ijuuQSECkoTlcmMbls/getUpdates "HTTP/1.1 200 OK"
2026-04-11 06:36:49,362 | INFO | HTTP Request: POST https://api.telegram.org/bot8782666061:AAHh0Fo2Q3XPaJJK7ijuuQSECkoTlcmMbls/getUpdates "HTTP/1.1 200 OK"
2026-04-11 06:36:50,044 | INFO | HTTP Request: POST https://api.telegram.org/bot8782666061:AAHh0Fo2Q3XPaJJK7ijuuQSECkoTlcmMbls/sendMessage "HTTP/1.1 200 OK"
2026-04-11 06:36:54,612 | INFO | HTTP Request: POST https://api.telegram.org/bot8782666061:AAHh0Fo2Q3XPaJJK7ijuuQSECkoTlcmMbls/getUpdates "HTTP/1.1 200 OK"
2026-04-11 06:36:54,838 | INFO | HTTP Request: POST https://api.telegram.org/bot8782666061:AAHh0Fo2Q3XPaJJK7ijuuQSECkoTlcmMbls/sendMessage "HTTP/1.1 200 OK"
2026-04-11 06:37:14,641 | INFO | 🤖 البوت يعمل الآن...
2026-04-11 06:37:15,209 | INFO | HTTP Request: POST https://api.telegram.org/bot8782666061:AAHh0Fo2Q3XPaJJK7ijuuQSECkoTlcmMbls/getMe "HTTP/1.1 200 OK"
2026-04-11 06:37:15,393 | INFO | HTTP Request: POST https://api.telegram.org/bot8782666061:AAHh0Fo2Q3XPaJJK7ijuuQSECkoTlcmMbls/deleteWebhook "HTTP/1.1 200 OK"
2026-04-11 06:37:15,396 | INFO | Application started
2026-04-11 06:37:18,231 | INFO | HTTP Request: POST https://api.telegram.org/bot8782666061:AAHh0Fo2Q3XPaJJK7ijuuQSECkoTlcmMbls/getUpdates "HTTP/1.1 200 OK"
2026-04-11 06:37:18,441 | INFO | HTTP Request: POST https://api.telegram.org/bot8782666061:AAHh0Fo2Q3XPaJJK7ijuuQSECkoTlcmMbls/sendMessage "HTTP/1.1 200 OK"
2026-04-11 06:37:24,656 | INFO | HTTP Request: POST https://api.telegram.org/bot8782666061:AAHh0Fo2Q3XPaJJK7ijuuQSECkoTlcmMbls/getUpdates "HTTP/1.1 200 OK"
2026-04-11 06:37:25,262 | INFO | HTTP Request: POST https://api.telegram.org/bot8782666061:AAHh0Fo2Q3XPaJJK7ijuuQSECkoTlcmMbls/sendMessage "HTTP/1.1 200 OK"
2026-04-11 06:37:27,936 | INFO | HTTP Request: POST https://api.telegram.org/bot8782666061:AAHh0Fo2Q3XPaJJK7ijuuQSECkoTlcmMbls/getUpdates "HTTP/1.1 200 OK"
2026-04-11 06:37:29,947 | INFO | HTTP Request: POST https://api.telegram.org/bot8782666061:AAHh0Fo2Q3XPaJJK7ijuuQSECkoTlcmMbls/getUpdates "HTTP/1.1 200 OK"
2026-04-11 06:37:32,961 | INFO | HTTP Request: POST https://api.telegram.org/bot8782666061:AAHh0Fo2Q3XPaJJK7ijuuQSECkoTlcmMbls/getUpdates "HTTP/1.1 200 OK"
2026-04-11 06:37:33,572 | INFO | HTTP Request: POST https://api.telegram.org/bot8782666061:AAHh0Fo2Q3XPaJJK7ijuuQSECkoTlcmMbls/sendMessage "HTTP/1.1 400 Bad Request"
2026-04-11 06:37:33,574 | ERROR | No error handlers are registered, logging exception.
Traceback (most recent call last):
  File "C:\Users\MC\AppData\Local\Programs\Python\Python39\lib\site-packages\telegram\ext\_application.py", line 1335, in process_update
    await coroutine
  File "C:\Users\MC\AppData\Local\Programs\Python\Python39\lib\site-packages\telegram\ext\_handlers\basehandler.py", line 158, in handle_update
    return await self.callback(update, context)
  File "C:\Users\MC\Desktop\youube\main.py", line 189, in start
    await update.message.reply_text(text, parse_mode="Markdown")
  File "C:\Users\MC\AppData\Local\Programs\Python\Python39\lib\site-packages\telegram\_message.py", line 1762, in reply_text
    return await self.get_bot().send_message(
  File "C:\Users\MC\AppData\Local\Programs\Python\Python39\lib\site-packages\telegram\ext\_extbot.py", line 2909, in send_message
    return await super().send_message(
  File "C:\Users\MC\AppData\Local\Programs\Python\Python39\lib\site-packages\telegram\_bot.py", line 1029, in send_message
    return await self._send_message(
  File "C:\Users\MC\AppData\Local\Programs\Python\Python39\lib\site-packages\telegram\ext\_extbot.py", line 610, in _send_message
    result = await super()._send_message(
  File "C:\Users\MC\AppData\Local\Programs\Python\Python39\lib\site-packages\telegram\_bot.py", line 745, in _send_message
    result = await self._post(
  File "C:\Users\MC\AppData\Local\Programs\Python\Python39\lib\site-packages\telegram\_bot.py", line 623, in _post
    return await self._do_post(
  File "C:\Users\MC\AppData\Local\Programs\Python\Python39\lib\site-packages\telegram\ext\_extbot.py", line 355, in _do_post
    return await super()._do_post(
  File "C:\Users\MC\AppData\Local\Programs\Python\Python39\lib\site-packages\telegram\_bot.py", line 652, in _do_post
    result = await request.post(
  File "C:\Users\MC\AppData\Local\Programs\Python\Python39\lib\site-packages\telegram\request\_baserequest.py", line 201, in post
    result = await self._request_wrapper(
  File "C:\Users\MC\AppData\Local\Programs\Python\Python39\lib\site-packages\telegram\request\_baserequest.py", line 382, in _request_wrapper
    raise BadRequest(message)
telegram.error.BadRequest: Can't parse entities: can't find end of the entity starting at byte offset 212
2026-04-11 06:37:43,157 | INFO | HTTP Request: POST https://api.telegram.org/bot8782666061:AAHh0Fo2Q3XPaJJK7ijuuQSECkoTlcmMbls/getUpdates "HTTP/1.1 200 OK"
2026-04-11 06:37:53,358 | INFO | HTTP Request: POST https://api.telegram.org/bot8782666061:AAHh0Fo2Q3XPaJJK7ijuuQSECkoTlcmMbls/getUpdates "HTTP/1.1 200 OK"
2026-04-11 06:38:03,577 | INFO | HTTP Request: POST https://api.telegram.org/bot8782666061:AAHh0Fo2Q3XPaJJK7ijuuQSECkoTlcmMbls/getUpdates "HTTP/1.1 200 OK"
2026-04-11 06:38:13,773 | INFO | HTTP Request: POST https://api.telegram.org/bot8782666061:AAHh0Fo2Q3XPaJJK7ijuuQSECkoTlcmMbls/getUpdates "HTTP/1.1 200 OK"
2026-04-11 06:38:23,976 | INFO | HTTP Request: POST https://api.telegram.org/bot8782666061:AAHh0Fo2Q3XPaJJK7ijuuQSECkoTlcmMbls/getUpdates "HTTP/1.1 200 OK"
2026-04-11 06:38:34,177 | INFO | HTTP Request: POST https://api.telegram.org/bot8782666061:AAHh0Fo2Q3XPaJJK7ijuuQSECkoTlcmMbls/getUpdates "HTTP/1.1 200 OK"
2026-04-11 06:38:44,373 | INFO | HTTP Request: POST https://api.telegram.org/bot8782666061:AAHh0Fo2Q3XPaJJK7ijuuQSECkoTlcmMbls/getUpdates "HTTP/1.1 200 OK"
2026-04-11 06:38:47,776 | INFO | 🤖 البوت يعمل الآن...
2026-04-11 06:38:48,389 | INFO | HTTP Request: POST https://api.telegram.org/bot8782666061:AAHh0Fo2Q3XPaJJK7ijuuQSECkoTlcmMbls/getMe "HTTP/1.1 200 OK"
2026-04-11 06:38:48,592 | INFO | HTTP Request: POST https://api.telegram.org/bot8782666061:AAHh0Fo2Q3XPaJJK7ijuuQSECkoTlcmMbls/deleteWebhook "HTTP/1.1 200 OK"
2026-04-11 06:38:48,594 | INFO | Application started
2026-04-11 06:38:50,673 | INFO | HTTP Request: POST https://api.telegram.org/bot8782666061:AAHh0Fo2Q3XPaJJK7ijuuQSECkoTlcmMbls/getUpdates "HTTP/1.1 200 OK"
2026-04-11 06:38:55,951 | INFO | HTTP Request: POST https://api.telegram.org/bot8782666061:AAHh0Fo2Q3XPaJJK7ijuuQSECkoTlcmMbls/getUpdates "HTTP/1.1 200 OK"
2026-04-11 06:38:56,558 | INFO | HTTP Request: POST https://api.telegram.org/bot8782666061:AAHh0Fo2Q3XPaJJK7ijuuQSECkoTlcmMbls/sendMessage "HTTP/1.1 200 OK"
2026-04-11 06:38:59,658 | INFO | HTTP Request: POST https://api.telegram.org/bot8782666061:AAHh0Fo2Q3XPaJJK7ijuuQSECkoTlcmMbls/getUpdates "HTTP/1.1 200 OK"
2026-04-11 06:38:59,939 | INFO | HTTP Request: POST https://api.telegram.org/bot8782666061:AAHh0Fo2Q3XPaJJK7ijuuQSECkoTlcmMbls/sendMessage "HTTP/1.1 200 OK"
2026-04-11 06:39:03,303 | INFO | HTTP Request: POST https://api.telegram.org/bot8782666061:AAHh0Fo2Q3XPaJJK7ijuuQSECkoTlcmMbls/getUpdates "HTTP/1.1 200 OK"
2026-04-11 06:39:03,526 | INFO | HTTP Request: POST https://api.telegram.org/bot8782666061:AAHh0Fo2Q3XPaJJK7ijuuQSECkoTlcmMbls/sendMessage "HTTP/1.1 200 OK"
2026-04-11 06:39:06,345 | INFO | HTTP Request: POST https://api.telegram.org/bot8782666061:AAHh0Fo2Q3XPaJJK7ijuuQSECkoTlcmMbls/getUpdates "HTTP/1.1 200 OK"
2026-04-11 06:39:06,588 | INFO | HTTP Request: POST https://api.telegram.org/bot8782666061:AAHh0Fo2Q3XPaJJK7ijuuQSECkoTlcmMbls/sendMessage "HTTP/1.1 200 OK"
2026-04-11 06:39:16,565 | INFO | HTTP Request: POST https://api.telegram.org/bot8782666061:AAHh0Fo2Q3XPaJJK7ijuuQSECkoTlcmMbls/getUpdates "HTTP/1.1 200 OK"
2026-04-11 06:39:26,754 | INFO | HTTP Request: POST https://api.telegram.org/bot8782666061:AAHh0Fo2Q3XPaJJK7ijuuQSECkoTlcmMbls/getUpdates "HTTP/1.1 200 OK"
2026-04-11 06:39:36,945 | INFO | HTTP Request: POST https://api.telegram.org/bot8782666061:AAHh0Fo2Q3XPaJJK7ijuuQSECkoTlcmMbls/getUpdates "HTTP/1.1 200 OK"
2026-04-11 06:39:47,135 | INFO | HTTP Request: POST https://api.telegram.org/bot8782666061:AAHh0Fo2Q3XPaJJK7ijuuQSECkoTlcmMbls/getUpdates "HTTP/1.1 200 OK"
2026-04-11 06:39:57,325 | INFO | HTTP Request: POST https://api.telegram.org/bot8782666061:AAHh0Fo2Q3XPaJJK7ijuuQSECkoTlcmMbls/getUpdates "HTTP/1.1 200 OK"
2026-04-11 06:40:07,518 | INFO | HTTP Request: POST https://api.telegram.org/bot8782666061:AAHh0Fo2Q3XPaJJK7ijuuQSECkoTlcmMbls/getUpdates "HTTP/1.1 200 OK"
2026-04-11 06:40:17,709 | INFO | HTTP Request: POST https://api.telegram.org/bot8782666061:AAHh0Fo2Q3XPaJJK7ijuuQSECkoTlcmMbls/getUpdates "HTTP/1.1 200 OK"
2026-04-11 06:40:27,905 | INFO | HTTP Request: POST https://api.telegram.org/bot8782666061:AAHh0Fo2Q3XPaJJK7ijuuQSECkoTlcmMbls/getUpdates "HTTP/1.1 200 OK"
2026-04-11 06:40:31,033 | INFO | 🤖 البوت يعمل الآن...
2026-04-11 06:40:31,617 | INFO | HTTP Request: POST https://api.telegram.org/bot8782666061:AAHh0Fo2Q3XPaJJK7ijuuQSECkoTlcmMbls/getMe "HTTP/1.1 200 OK"
2026-04-11 06:40:31,810 | INFO | HTTP Request: POST https://api.telegram.org/bot8782666061:AAHh0Fo2Q3XPaJJK7ijuuQSECkoTlcmMbls/deleteWebhook "HTTP/1.1 200 OK"
2026-04-11 06:40:31,812 | INFO | Application started
2026-04-11 06:40:37,032 | INFO | HTTP Request: POST https://api.telegram.org/bot8782666061:AAHh0Fo2Q3XPaJJK7ijuuQSECkoTlcmMbls/getUpdates "HTTP/1.1 200 OK"
2026-04-11 06:40:40,617 | INFO | HTTP Request: POST https://api.telegram.org/bot8782666061:AAHh0Fo2Q3XPaJJK7ijuuQSECkoTlcmMbls/getUpdates "HTTP/1.1 200 OK"
2026-04-11 06:40:42,835 | INFO | HTTP Request: POST https://api.telegram.org/bot8782666061:AAHh0Fo2Q3XPaJJK7ijuuQSECkoTlcmMbls/getUpdates "HTTP/1.1 200 OK"
2026-04-11 06:40:43,416 | INFO | HTTP Request: POST https://api.telegram.org/bot8782666061:AAHh0Fo2Q3XPaJJK7ijuuQSECkoTlcmMbls/sendMessage "HTTP/1.1 200 OK"
2026-04-11 06:40:45,431 | INFO | HTTP Request: POST https://api.telegram.org/bot8782666061:AAHh0Fo2Q3XPaJJK7ijuuQSECkoTlcmMbls/getUpdates "HTTP/1.1 200 OK"
2026-04-11 06:40:45,686 | INFO | HTTP Request: POST https://api.telegram.org/bot8782666061:AAHh0Fo2Q3XPaJJK7ijuuQSECkoTlcmMbls/sendMessage "HTTP/1.1 200 OK"
2026-04-11 06:40:49,582 | INFO | HTTP Request: POST https://api.telegram.org/bot8782666061:AAHh0Fo2Q3XPaJJK7ijuuQSECkoTlcmMbls/getUpdates "HTTP/1.1 200 OK"
2026-04-11 06:40:49,793 | INFO | HTTP Request: POST https://api.telegram.org/bot8782666061:AAHh0Fo2Q3XPaJJK7ijuuQSECkoTlcmMbls/sendMessage "HTTP/1.1 200 OK"
2026-04-11 06:40:57,835 | INFO | HTTP Request: POST https://api.telegram.org/bot8782666061:AAHh0Fo2Q3XPaJJK7ijuuQSECkoTlcmMbls/getUpdates "HTTP/1.1 200 OK"
2026-04-11 06:40:58,437 | INFO | HTTP Request: POST https://api.telegram.org/bot8782666061:AAHh0Fo2Q3XPaJJK7ijuuQSECkoTlcmMbls/sendMessage "HTTP/1.1 200 OK"
2026-04-11 06:40:58,622 | INFO | HTTP Request: POST https://api.telegram.org/bot8782666061:AAHh0Fo2Q3XPaJJK7ijuuQSECkoTlcmMbls/getFile "HTTP/1.1 200 OK"
2026-04-11 06:40:58,871 | INFO | HTTP Request: GET https://api.telegram.org/file/bot8782666061%3AAAHh0Fo2Q3XPaJJK7ijuuQSECkoTlcmMbls/videos/file_90.mp4 "HTTP/1.1 200 OK"
2026-04-11 06:41:00,087 | INFO | تم تحميل الفيديو: downloads\BAACAgQAAxkBAAIB82nZqujdERUi027JL04xuxiuPpJuAALQCgACgOHMUj5n8s9HvF0fOwQ.mp4
2026-04-11 06:41:00,305 | INFO | HTTP Request: POST https://api.telegram.org/bot8782666061:AAHh0Fo2Q3XPaJJK7ijuuQSECkoTlcmMbls/editMessageText "HTTP/1.1 200 OK"
2026-04-11 06:41:00,309 | INFO | file_cache is only supported with oauth2client<4.0.0
2026-04-11 06:41:00,326 | INFO | ▶️ بدء الرفع على يوتيوب: ​​تم التنزيل عبر:
2026-04-11 06:41:01,050 | WARNING | Encountered 403 Forbidden with reason "quotaExceeded"
2026-04-11 06:41:01,050 | ERROR | يوتيوب ❌: <HttpError 403 when requesting None returned "The request cannot be completed because you have exceeded your <a href="/youtube/v3/getting-started#quota">quota</a>.". Details: "[{'message': 'The request cannot be completed because you have exceeded your <a href="/youtube/v3/getting-started#quota">quota</a>.', 'domain': 'youtube.quota', 'reason': 'quotaExceeded'}]">
2026-04-11 06:41:01,271 | INFO | HTTP Request: POST https://api.telegram.org/bot8782666061:AAHh0Fo2Q3XPaJJK7ijuuQSECkoTlcmMbls/editMessageText "HTTP/1.1 200 OK"
2026-04-11 06:41:08,020 | INFO | HTTP Request: POST https://api.telegram.org/bot8782666061:AAHh0Fo2Q3XPaJJK7ijuuQSECkoTlcmMbls/getUpdates "HTTP/1.1 200 OK"
2026-04-11 06:41:18,220 | INFO | HTTP Request: POST https://api.telegram.org/bot8782666061:AAHh0Fo2Q3XPaJJK7ijuuQSECkoTlcmMbls/getUpdates "HTTP/1.1 200 OK"
2026-04-11 06:41:28,414 | INFO | HTTP Request: POST https://api.telegram.org/bot8782666061:AAHh0Fo2Q3XPaJJK7ijuuQSECkoTlcmMbls/getUpdates "HTTP/1.1 200 OK"
2026-04-11 06:41:36,227 | INFO | HTTP Request: POST https://api.telegram.org/bot8782666061:AAHh0Fo2Q3XPaJJK7ijuuQSECkoTlcmMbls/getUpdates "HTTP/1.1 200 OK"
2026-04-11 06:41:36,852 | INFO | HTTP Request: POST https://api.telegram.org/bot8782666061:AAHh0Fo2Q3XPaJJK7ijuuQSECkoTlcmMbls/sendMessage "HTTP/1.1 200 OK"
2026-04-11 06:41:37,037 | INFO | HTTP Request: POST https://api.telegram.org/bot8782666061:AAHh0Fo2Q3XPaJJK7ijuuQSECkoTlcmMbls/getFile "HTTP/1.1 200 OK"
2026-04-11 06:41:37,282 | INFO | HTTP Request: GET https://api.telegram.org/file/bot8782666061%3AAAHh0Fo2Q3XPaJJK7ijuuQSECkoTlcmMbls/videos/file_90.mp4 "HTTP/1.1 200 OK"
2026-04-11 06:41:38,623 | INFO | تم تحميل الفيديو: downloads\BAACAgQAAxkBAAIB82nZqujdERUi027JL04xuxiuPpJuAALQCgACgOHMUj5n8s9HvF0fOwQ.mp4
2026-04-11 06:41:38,824 | INFO | HTTP Request: POST https://api.telegram.org/bot8782666061:AAHh0Fo2Q3XPaJJK7ijuuQSECkoTlcmMbls/editMessageText "HTTP/1.1 200 OK"
2026-04-11 06:41:38,830 | INFO | file_cache is only supported with oauth2client<4.0.0
2026-04-11 06:41:38,846 | INFO | ▶️ بدء الرفع على يوتيوب: ​​تم التنزيل عبر:
2026-04-11 06:41:46,504 | INFO | ✅ يوتيوب اكتمل: https://www.youtube.com/watch?v=_YQFTsAIgTM
2026-04-11 06:41:46,505 | INFO | يوتيوب ✅: https://www.youtube.com/watch?v=_YQFTsAIgTM
2026-04-11 06:41:46,505 | INFO | تم حذف الفيديو: downloads\BAACAgQAAxkBAAIB82nZqujdERUi027JL04xuxiuPpJuAALQCgACgOHMUj5n8s9HvF0fOwQ.mp4
2026-04-11 06:41:46,508 | INFO | HTTP Request: POST https://api.telegram.org/bot8782666061:AAHh0Fo2Q3XPaJJK7ijuuQSECkoTlcmMbls/getUpdates "HTTP/1.1 200 OK"
2026-04-11 06:41:47,122 | INFO | HTTP Request: POST https://api.telegram.org/bot8782666061:AAHh0Fo2Q3XPaJJK7ijuuQSECkoTlcmMbls/editMessageText "HTTP/1.1 200 OK"
2026-04-11 06:41:56,706 | INFO | HTTP Request: POST https://api.telegram.org/bot8782666061:AAHh0Fo2Q3XPaJJK7ijuuQSECkoTlcmMbls/getUpdates "HTTP/1.1 200 OK"
2026-04-11 06:42:06,914 | INFO | HTTP Request: POST https://api.telegram.org/bot8782666061:AAHh0Fo2Q3XPaJJK7ijuuQSECkoTlcmMbls/getUpdates "HTTP/1.1 200 OK"
2026-04-11 06:42:17,116 | INFO | HTTP Request: POST https://api.telegram.org/bot8782666061:AAHh0Fo2Q3XPaJJK7ijuuQSECkoTlcmMbls/getUpdates "HTTP/1.1 200 OK"
2026-04-11 06:42:27,320 | INFO | HTTP Request: POST https://api.telegram.org/bot8782666061:AAHh0Fo2Q3XPaJJK7ijuuQSECkoTlcmMbls/getUpdates "HTTP/1.1 200 OK"
2026-04-11 06:42:37,507 | INFO | HTTP Request: POST https://api.telegram.org/bot8782666061:AAHh0Fo2Q3XPaJJK7ijuuQSECkoTlcmMbls/getUpdates "HTTP/1.1 200 OK"
2026-04-11 06:42:47,696 | INFO | HTTP Request: POST https://api.telegram.org/bot8782666061:AAHh0Fo2Q3XPaJJK7ijuuQSECkoTlcmMbls/getUpdates "HTTP/1.1 200 OK"
2026-04-11 06:42:57,882 | INFO | HTTP Request: POST https://api.telegram.org/bot8782666061:AAHh0Fo2Q3XPaJJK7ijuuQSECkoTlcmMbls/getUpdates "HTTP/1.1 200 OK"
2026-04-11 06:43:08,072 | INFO | HTTP Request: POST https://api.telegram.org/bot8782666061:AAHh0Fo2Q3XPaJJK7ijuuQSECkoTlcmMbls/getUpdates "HTTP/1.1 200 OK"
2026-04-11 06:43:18,261 | INFO | HTTP Request: POST https://api.telegram.org/bot8782666061:AAHh0Fo2Q3XPaJJK7ijuuQSECkoTlcmMbls/getUpdates "HTTP/1.1 200 OK"
2026-04-11 06:43:28,443 | INFO | HTTP Request: POST https://api.telegram.org/bot8782666061:AAHh0Fo2Q3XPaJJK7ijuuQSECkoTlcmMbls/getUpdates "HTTP/1.1 200 OK"
2026-04-11 06:43:38,632 | INFO | HTTP Request: POST https://api.telegram.org/bot8782666061:AAHh0Fo2Q3XPaJJK7ijuuQSECkoTlcmMbls/getUpdates "HTTP/1.1 200 OK"
2026-04-11 06:43:48,814 | INFO | HTTP Request: POST https://api.telegram.org/bot8782666061:AAHh0Fo2Q3XPaJJK7ijuuQSECkoTlcmMbls/getUpdates "HTTP/1.1 200 OK"
2026-04-11 06:43:59,006 | INFO | HTTP Request: POST https://api.telegram.org/bot8782666061:AAHh0Fo2Q3XPaJJK7ijuuQSECkoTlcmMbls/getUpdates "HTTP/1.1 200 OK"
2026-04-11 06:44:09,197 | INFO | HTTP Request: POST https://api.telegram.org/bot8782666061:AAHh0Fo2Q3XPaJJK7ijuuQSECkoTlcmMbls/getUpdates "HTTP/1.1 200 OK"
2026-04-11 06:44:19,392 | INFO | HTTP Request: POST https://api.telegram.org/bot8782666061:AAHh0Fo2Q3XPaJJK7ijuuQSECkoTlcmMbls/getUpdates "HTTP/1.1 200 OK"
2026-04-11 06:44:29,583 | INFO | HTTP Request: POST https://api.telegram.org/bot8782666061:AAHh0Fo2Q3XPaJJK7ijuuQSECkoTlcmMbls/getUpdates "HTTP/1.1 200 OK"
2026-04-11 06:44:39,774 | INFO | HTTP Request: POST https://api.telegram.org/bot8782666061:AAHh0Fo2Q3XPaJJK7ijuuQSECkoTlcmMbls/getUpdates "HTTP/1.1 200 OK"
2026-04-11 06:44:49,968 | INFO | HTTP Request: POST https://api.telegram.org/bot8782666061:AAHh0Fo2Q3XPaJJK7ijuuQSECkoTlcmMbls/getUpdates "HTTP/1.1 200 OK"
2026-04-11 06:45:00,158 | INFO | HTTP Request: POST https://api.telegram.org/bot8782666061:AAHh0Fo2Q3XPaJJK7ijuuQSECkoTlcmMbls/getUpdates "HTTP/1.1 200 OK"
2026-04-11 06:45:10,374 | INFO | HTTP Request: POST https://api.telegram.org/bot8782666061:AAHh0Fo2Q3XPaJJK7ijuuQSECkoTlcmMbls/getUpdates "HTTP/1.1 200 OK"
2026-04-11 06:45:20,568 | INFO | HTTP Request: POST https://api.telegram.org/bot8782666061:AAHh0Fo2Q3XPaJJK7ijuuQSECkoTlcmMbls/getUpdates "HTTP/1.1 200 OK"
2026-04-11 06:45:30,762 | INFO | HTTP Request: POST https://api.telegram.org/bot8782666061:AAHh0Fo2Q3XPaJJK7ijuuQSECkoTlcmMbls/getUpdates "HTTP/1.1 200 OK"
2026-04-11 06:45:40,952 | INFO | HTTP Request: POST https://api.telegram.org/bot8782666061:AAHh0Fo2Q3XPaJJK7ijuuQSECkoTlcmMbls/getUpdates "HTTP/1.1 200 OK"
2026-04-11 06:45:51,157 | INFO | HTTP Request: POST https://api.telegram.org/bot8782666061:AAHh0Fo2Q3XPaJJK7ijuuQSECkoTlcmMbls/getUpdates "HTTP/1.1 200 OK"
2026-04-11 06:46:01,354 | INFO | HTTP Request: POST https://api.telegram.org/bot8782666061:AAHh0Fo2Q3XPaJJK7ijuuQSECkoTlcmMbls/getUpdates "HTTP/1.1 200 OK"
2026-04-11 06:46:11,559 | INFO | HTTP Request: POST https://api.telegram.org/bot8782666061:AAHh0Fo2Q3XPaJJK7ijuuQSECkoTlcmMbls/getUpdates "HTTP/1.1 200 OK"
2026-04-11 06:46:21,748 | INFO | HTTP Request: POST https://api.telegram.org/bot8782666061:AAHh0Fo2Q3XPaJJK7ijuuQSECkoTlcmMbls/getUpdates "HTTP/1.1 200 OK"
2026-04-11 06:46:31,953 | INFO | HTTP Request: POST https://api.telegram.org/bot8782666061:AAHh0Fo2Q3XPaJJK7ijuuQSECkoTlcmMbls/getUpdates "HTTP/1.1 200 OK"
2026-04-11 06:46:42,151 | INFO | HTTP Request: POST https://api.telegram.org/bot8782666061:AAHh0Fo2Q3XPaJJK7ijuuQSECkoTlcmMbls/getUpdates "HTTP/1.1 200 OK"
2026-04-11 06:46:52,382 | INFO | HTTP Request: POST https://api.telegram.org/bot8782666061:AAHh0Fo2Q3XPaJJK7ijuuQSECkoTlcmMbls/getUpdates "HTTP/1.1 200 OK"
2026-04-11 06:47:02,574 | INFO | HTTP Request: POST https://api.telegram.org/bot8782666061:AAHh0Fo2Q3XPaJJK7ijuuQSECkoTlcmMbls/getUpdates "HTTP/1.1 200 OK"
2026-04-11 06:47:12,774 | INFO | HTTP Request: POST https://api.telegram.org/bot8782666061:AAHh0Fo2Q3XPaJJK7ijuuQSECkoTlcmMbls/getUpdates "HTTP/1.1 200 OK"
2026-04-11 06:47:22,979 | INFO | HTTP Request: POST https://api.telegram.org/bot8782666061:AAHh0Fo2Q3XPaJJK7ijuuQSECkoTlcmMbls/getUpdates "HTTP/1.1 200 OK"
2026-04-11 06:47:33,164 | INFO | HTTP Request: POST https://api.telegram.org/bot8782666061:AAHh0Fo2Q3XPaJJK7ijuuQSECkoTlcmMbls/getUpdates "HTTP/1.1 200 OK"
2026-04-11 06:47:43,403 | INFO | HTTP Request: POST https://api.telegram.org/bot8782666061:AAHh0Fo2Q3XPaJJK7ijuuQSECkoTlcmMbls/getUpdates "HTTP/1.1 200 OK"
2026-04-11 06:47:53,610 | INFO | HTTP Request: POST https://api.telegram.org/bot8782666061:AAHh0Fo2Q3XPaJJK7ijuuQSECkoTlcmMbls/getUpdates "HTTP/1.1 200 OK"
2026-04-11 06:48:03,795 | INFO | HTTP Request: POST https://api.telegram.org/bot8782666061:AAHh0Fo2Q3XPaJJK7ijuuQSECkoTlcmMbls/getUpdates "HTTP/1.1 200 OK"
2026-04-11 06:48:13,986 | INFO | HTTP Request: POST https://api.telegram.org/bot8782666061:AAHh0Fo2Q3XPaJJK7ijuuQSECkoTlcmMbls/getUpdates "HTTP/1.1 200 OK"
2026-04-11 06:48:24,186 | INFO | HTTP Request: POST https://api.telegram.org/bot8782666061:AAHh0Fo2Q3XPaJJK7ijuuQSECkoTlcmMbls/getUpdates "HTTP/1.1 200 OK"
2026-04-11 06:48:34,375 | INFO | HTTP Request: POST https://api.telegram.org/bot8782666061:AAHh0Fo2Q3XPaJJK7ijuuQSECkoTlcmMbls/getUpdates "HTTP/1.1 200 OK"
2026-04-11 06:48:44,572 | INFO | HTTP Request: POST https://api.telegram.org/bot8782666061:AAHh0Fo2Q3XPaJJK7ijuuQSECkoTlcmMbls/getUpdates "HTTP/1.1 200 OK"
2026-04-11 06:48:54,760 | INFO | HTTP Request: POST https://api.telegram.org/bot8782666061:AAHh0Fo2Q3XPaJJK7ijuuQSECkoTlcmMbls/getUpdates "HTTP/1.1 200 OK"
2026-04-11 06:49:04,940 | INFO | HTTP Request: POST https://api.telegram.org/bot8782666061:AAHh0Fo2Q3XPaJJK7ijuuQSECkoTlcmMbls/getUpdates "HTTP/1.1 200 OK"
2026-04-13 01:26:39,263 | INFO | 🤖 البوت يعمل الآن...
2026-04-13 01:26:39,883 | INFO | HTTP Request: POST https://api.telegram.org/bot8782666061:AAHh0Fo2Q3XPaJJK7ijuuQSECkoTlcmMbls/getMe "HTTP/1.1 200 OK"
2026-04-13 01:26:40,070 | INFO | HTTP Request: POST https://api.telegram.org/bot8782666061:AAHh0Fo2Q3XPaJJK7ijuuQSECkoTlcmMbls/deleteWebhook "HTTP/1.1 200 OK"
2026-04-13 01:26:40,079 | INFO | Application started
2026-04-13 01:26:40,714 | INFO | HTTP Request: POST https://api.telegram.org/bot8782666061:AAHh0Fo2Q3XPaJJK7ijuuQSECkoTlcmMbls/getUpdates "HTTP/1.1 409 Conflict"
2026-04-13 01:26:40,718 | ERROR | No error handlers are registered, logging exception.
Traceback (most recent call last):
  File "C:\Users\MC\AppData\Local\Programs\Python\Python39\lib\site-packages\telegram\ext\_updater.py", line 753, in _network_loop_retry
    if not await do_action():
  File "C:\Users\MC\AppData\Local\Programs\Python\Python39\lib\site-packages\telegram\ext\_updater.py", line 747, in do_action
    return action_cb_task.result()
  File "C:\Users\MC\AppData\Local\Programs\Python\Python39\lib\site-packages\telegram\ext\_updater.py", line 377, in polling_action_cb
    updates = await self.bot.get_updates(
  File "C:\Users\MC\AppData\Local\Programs\Python\Python39\lib\site-packages\telegram\ext\_extbot.py", line 649, in get_updates
    updates = await super().get_updates(
  File "C:\Users\MC\AppData\Local\Programs\Python\Python39\lib\site-packages\telegram\_bot.py", line 4366, in get_updates
    await self._post(
  File "C:\Users\MC\AppData\Local\Programs\Python\Python39\lib\site-packages\telegram\_bot.py", line 623, in _post
    return await self._do_post(
  File "C:\Users\MC\AppData\Local\Programs\Python\Python39\lib\site-packages\telegram\ext\_extbot.py", line 355, in _do_post
    return await super()._do_post(
  File "C:\Users\MC\AppData\Local\Programs\Python\Python39\lib\site-packages\telegram\_bot.py", line 652, in _do_post
    result = await request.post(
  File "C:\Users\MC\AppData\Local\Programs\Python\Python39\lib\site-packages\telegram\request\_baserequest.py", line 201, in post
    result = await self._request_wrapper(
  File "C:\Users\MC\AppData\Local\Programs\Python\Python39\lib\site-packages\telegram\request\_baserequest.py", line 384, in _request_wrapper
    raise Conflict(message)
telegram.error.Conflict: Conflict: terminated by other getUpdates request; make sure that only one bot instance is running
2026-04-13 01:26:46,104 | INFO | HTTP Request: POST https://api.telegram.org/bot8782666061:AAHh0Fo2Q3XPaJJK7ijuuQSECkoTlcmMbls/getUpdates "HTTP/1.1 409 Conflict"
2026-04-13 01:26:46,107 | ERROR | No error handlers are registered, logging exception.
Traceback (most recent call last):
  File "C:\Users\MC\AppData\Local\Programs\Python\Python39\lib\site-packages\telegram\ext\_updater.py", line 753, in _network_loop_retry
    if not await do_action():
  File "C:\Users\MC\AppData\Local\Programs\Python\Python39\lib\site-packages\telegram\ext\_updater.py", line 747, in do_action
    return action_cb_task.result()
  File "C:\Users\MC\AppData\Local\Programs\Python\Python39\lib\site-packages\telegram\ext\_updater.py", line 377, in polling_action_cb
    updates = await self.bot.get_updates(
  File "C:\Users\MC\AppData\Local\Programs\Python\Python39\lib\site-packages\telegram\ext\_extbot.py", line 649, in get_updates
    updates = await super().get_updates(
  File "C:\Users\MC\AppData\Local\Programs\Python\Python39\lib\site-packages\telegram\_bot.py", line 4366, in get_updates
    await self._post(
  File "C:\Users\MC\AppData\Local\Programs\Python\Python39\lib\site-packages\telegram\_bot.py", line 623, in _post
    return await self._do_post(
  File "C:\Users\MC\AppData\Local\Programs\Python\Python39\lib\site-packages\telegram\ext\_extbot.py", line 355, in _do_post
    return await super()._do_post(
  File "C:\Users\MC\AppData\Local\Programs\Python\Python39\lib\site-packages\telegram\_bot.py", line 652, in _do_post
    result = await request.post(
  File "C:\Users\MC\AppData\Local\Programs\Python\Python39\lib\site-packages\telegram\request\_baserequest.py", line 201, in post
    result = await self._request_wrapper(
  File "C:\Users\MC\AppData\Local\Programs\Python\Python39\lib\site-packages\telegram\request\_baserequest.py", line 384, in _request_wrapper
    raise Conflict(message)
telegram.error.Conflict: Conflict: terminated by other getUpdates request; make sure that only one bot instance is running
2026-04-13 01:26:52,482 | INFO | HTTP Request: POST https://api.telegram.org/bot8782666061:AAHh0Fo2Q3XPaJJK7ijuuQSECkoTlcmMbls/getUpdates "HTTP/1.1 409 Conflict"
2026-04-13 01:26:52,484 | ERROR | No error handlers are registered, logging exception.
Traceback (most recent call last):
  File "C:\Users\MC\AppData\Local\Programs\Python\Python39\lib\site-packages\telegram\ext\_updater.py", line 753, in _network_loop_retry
    if not await do_action():
  File "C:\Users\MC\AppData\Local\Programs\Python\Python39\lib\site-packages\telegram\ext\_updater.py", line 747, in do_action
    return action_cb_task.result()
  File "C:\Users\MC\AppData\Local\Programs\Python\Python39\lib\site-packages\telegram\ext\_updater.py", line 377, in polling_action_cb
    updates = await self.bot.get_updates(
  File "C:\Users\MC\AppData\Local\Programs\Python\Python39\lib\site-packages\telegram\ext\_extbot.py", line 649, in get_updates
    updates = await super().get_updates(
  File "C:\Users\MC\AppData\Local\Programs\Python\Python39\lib\site-packages\telegram\_bot.py", line 4366, in get_updates
    await self._post(
  File "C:\Users\MC\AppData\Local\Programs\Python\Python39\lib\site-packages\telegram\_bot.py", line 623, in _post
    return await self._do_post(
  File "C:\Users\MC\AppData\Local\Programs\Python\Python39\lib\site-packages\telegram\ext\_extbot.py", line 355, in _do_post
    return await super()._do_post(
  File "C:\Users\MC\AppData\Local\Programs\Python\Python39\lib\site-packages\telegram\_bot.py", line 652, in _do_post
    result = await request.post(
  File "C:\Users\MC\AppData\Local\Programs\Python\Python39\lib\site-packages\telegram\request\_baserequest.py", line 201, in post
    result = await self._request_wrapper(
  File "C:\Users\MC\AppData\Local\Programs\Python\Python39\lib\site-packages\telegram\request\_baserequest.py", line 384, in _request_wrapper
    raise Conflict(message)
telegram.error.Conflict: Conflict: terminated by other getUpdates request; make sure that only one bot instance is running
2026-04-13 01:27:00,718 | INFO | HTTP Request: POST https://api.telegram.org/bot8782666061:AAHh0Fo2Q3XPaJJK7ijuuQSECkoTlcmMbls/getUpdates "HTTP/1.1 409 Conflict"
2026-04-13 01:27:00,720 | ERROR | No error handlers are registered, logging exception.
Traceback (most recent call last):
  File "C:\Users\MC\AppData\Local\Programs\Python\Python39\lib\site-packages\telegram\ext\_updater.py", line 753, in _network_loop_retry
    if not await do_action():
  File "C:\Users\MC\AppData\Local\Programs\Python\Python39\lib\site-packages\telegram\ext\_updater.py", line 747, in do_action
    return action_cb_task.result()
  File "C:\Users\MC\AppData\Local\Programs\Python\Python39\lib\site-packages\telegram\ext\_updater.py", line 377, in polling_action_cb
    updates = await self.bot.get_updates(
  File "C:\Users\MC\AppData\Local\Programs\Python\Python39\lib\site-packages\telegram\ext\_extbot.py", line 649, in get_updates
    updates = await super().get_updates(
  File "C:\Users\MC\AppData\Local\Programs\Python\Python39\lib\site-packages\telegram\_bot.py", line 4366, in get_updates
    await self._post(
  File "C:\Users\MC\AppData\Local\Programs\Python\Python39\lib\site-packages\telegram\_bot.py", line 623, in _post
    return await self._do_post(
  File "C:\Users\MC\AppData\Local\Programs\Python\Python39\lib\site-packages\telegram\ext\_extbot.py", line 355, in _do_post
    return await super()._do_post(
  File "C:\Users\MC\AppData\Local\Programs\Python\Python39\lib\site-packages\telegram\_bot.py", line 652, in _do_post
    result = await request.post(
  File "C:\Users\MC\AppData\Local\Programs\Python\Python39\lib\site-packages\telegram\request\_baserequest.py", line 201, in post
    result = await self._request_wrapper(
  File "C:\Users\MC\AppData\Local\Programs\Python\Python39\lib\site-packages\telegram\request\_baserequest.py", line 384, in _request_wrapper
    raise Conflict(message)
telegram.error.Conflict: Conflict: terminated by other getUpdates request; make sure that only one bot instance is running
2026-04-13 01:27:07,846 | INFO | HTTP Request: POST https://api.telegram.org/bot8782666061:AAHh0Fo2Q3XPaJJK7ijuuQSECkoTlcmMbls/getUpdates "HTTP/1.1 409 Conflict"
2026-04-13 01:27:07,851 | ERROR | No error handlers are registered, logging exception.
Traceback (most recent call last):
  File "C:\Users\MC\AppData\Local\Programs\Python\Python39\lib\site-packages\telegram\ext\_updater.py", line 753, in _network_loop_retry
    if not await do_action():
  File "C:\Users\MC\AppData\Local\Programs\Python\Python39\lib\site-packages\telegram\ext\_updater.py", line 747, in do_action
    return action_cb_task.result()
  File "C:\Users\MC\AppData\Local\Programs\Python\Python39\lib\site-packages\telegram\ext\_updater.py", line 377, in polling_action_cb
    updates = await self.bot.get_updates(
  File "C:\Users\MC\AppData\Local\Programs\Python\Python39\lib\site-packages\telegram\ext\_extbot.py", line 649, in get_updates
    updates = await super().get_updates(
  File "C:\Users\MC\AppData\Local\Programs\Python\Python39\lib\site-packages\telegram\_bot.py", line 4366, in get_updates
    await self._post(
  File "C:\Users\MC\AppData\Local\Programs\Python\Python39\lib\site-packages\telegram\_bot.py", line 623, in _post
    return await self._do_post(
  File "C:\Users\MC\AppData\Local\Programs\Python\Python39\lib\site-packages\telegram\ext\_extbot.py", line 355, in _do_post
    return await super()._do_post(
  File "C:\Users\MC\AppData\Local\Programs\Python\Python39\lib\site-packages\telegram\_bot.py", line 652, in _do_post
    result = await request.post(
  File "C:\Users\MC\AppData\Local\Programs\Python\Python39\lib\site-packages\telegram\request\_baserequest.py", line 201, in post
    result = await self._request_wrapper(
  File "C:\Users\MC\AppData\Local\Programs\Python\Python39\lib\site-packages\telegram\request\_baserequest.py", line 384, in _request_wrapper
    raise Conflict(message)
telegram.error.Conflict: Conflict: terminated by other getUpdates request; make sure that only one bot instance is running
2026-04-13 01:27:19,065 | INFO | HTTP Request: POST https://api.telegram.org/bot8782666061:AAHh0Fo2Q3XPaJJK7ijuuQSECkoTlcmMbls/getUpdates "HTTP/1.1 409 Conflict"
2026-04-13 01:27:19,069 | ERROR | No error handlers are registered, logging exception.
Traceback (most recent call last):
  File "C:\Users\MC\AppData\Local\Programs\Python\Python39\lib\site-packages\telegram\ext\_updater.py", line 753, in _network_loop_retry
    if not await do_action():
  File "C:\Users\MC\AppData\Local\Programs\Python\Python39\lib\site-packages\telegram\ext\_updater.py", line 747, in do_action
    return action_cb_task.result()
  File "C:\Users\MC\AppData\Local\Programs\Python\Python39\lib\site-packages\telegram\ext\_updater.py", line 377, in polling_action_cb
    updates = await self.bot.get_updates(
  File "C:\Users\MC\AppData\Local\Programs\Python\Python39\lib\site-packages\telegram\ext\_extbot.py", line 649, in get_updates
    updates = await super().get_updates(
  File "C:\Users\MC\AppData\Local\Programs\Python\Python39\lib\site-packages\telegram\_bot.py", line 4366, in get_updates
    await self._post(
  File "C:\Users\MC\AppData\Local\Programs\Python\Python39\lib\site-packages\telegram\_bot.py", line 623, in _post
    return await self._do_post(
  File "C:\Users\MC\AppData\Local\Programs\Python\Python39\lib\site-packages\telegram\ext\_extbot.py", line 355, in _do_post
    return await super()._do_post(
  File "C:\Users\MC\AppData\Local\Programs\Python\Python39\lib\site-packages\telegram\_bot.py", line 652, in _do_post
    result = await request.post(
  File "C:\Users\MC\AppData\Local\Programs\Python\Python39\lib\site-packages\telegram\request\_baserequest.py", line 201, in post
    result = await self._request_wrapper(
  File "C:\Users\MC\AppData\Local\Programs\Python\Python39\lib\site-packages\telegram\request\_baserequest.py", line 384, in _request_wrapper
    raise Conflict(message)
telegram.error.Conflict: Conflict: terminated by other getUpdates request; make sure that only one bot instance is running
2026-04-13 01:27:35,549 | INFO | HTTP Request: POST https://api.telegram.org/bot8782666061:AAHh0Fo2Q3XPaJJK7ijuuQSECkoTlcmMbls/getUpdates "HTTP/1.1 409 Conflict"
2026-04-13 01:27:35,553 | ERROR | No error handlers are registered, logging exception.
Traceback (most recent call last):
  File "C:\Users\MC\AppData\Local\Programs\Python\Python39\lib\site-packages\telegram\ext\_updater.py", line 753, in _network_loop_retry
    if not await do_action():
  File "C:\Users\MC\AppData\Local\Programs\Python\Python39\lib\site-packages\telegram\ext\_updater.py", line 747, in do_action
    return action_cb_task.result()
  File "C:\Users\MC\AppData\Local\Programs\Python\Python39\lib\site-packages\telegram\ext\_updater.py", line 377, in polling_action_cb
    updates = await self.bot.get_updates(
  File "C:\Users\MC\AppData\Local\Programs\Python\Python39\lib\site-packages\telegram\ext\_extbot.py", line 649, in get_updates
    updates = await super().get_updates(
  File "C:\Users\MC\AppData\Local\Programs\Python\Python39\lib\site-packages\telegram\_bot.py", line 4366, in get_updates
    await self._post(
  File "C:\Users\MC\AppData\Local\Programs\Python\Python39\lib\site-packages\telegram\_bot.py", line 623, in _post
    return await self._do_post(
  File "C:\Users\MC\AppData\Local\Programs\Python\Python39\lib\site-packages\telegram\ext\_extbot.py", line 355, in _do_post
    return await super()._do_post(
  File "C:\Users\MC\AppData\Local\Programs\Python\Python39\lib\site-packages\telegram\_bot.py", line 652, in _do_post
    result = await request.post(
  File "C:\Users\MC\AppData\Local\Programs\Python\Python39\lib\site-packages\telegram\request\_baserequest.py", line 201, in post
    result = await self._request_wrapper(
  File "C:\Users\MC\AppData\Local\Programs\Python\Python39\lib\site-packages\telegram\request\_baserequest.py", line 384, in _request_wrapper
    raise Conflict(message)
telegram.error.Conflict: Conflict: terminated by other getUpdates request; make sure that only one bot instance is running
2026-04-13 01:27:51,749 | INFO | HTTP Request: POST https://api.telegram.org/bot8782666061:AAHh0Fo2Q3XPaJJK7ijuuQSECkoTlcmMbls/getUpdates "HTTP/1.1 409 Conflict"
2026-04-13 01:27:51,750 | ERROR | No error handlers are registered, logging exception.
Traceback (most recent call last):
  File "C:\Users\MC\AppData\Local\Programs\Python\Python39\lib\site-packages\telegram\ext\_updater.py", line 753, in _network_loop_retry
    if not await do_action():
  File "C:\Users\MC\AppData\Local\Programs\Python\Python39\lib\site-packages\telegram\ext\_updater.py", line 747, in do_action
    return action_cb_task.result()
  File "C:\Users\MC\AppData\Local\Programs\Python\Python39\lib\site-packages\telegram\ext\_updater.py", line 377, in polling_action_cb
    updates = await self.bot.get_updates(
  File "C:\Users\MC\AppData\Local\Programs\Python\Python39\lib\site-packages\telegram\ext\_extbot.py", line 649, in get_updates
    updates = await super().get_updates(
  File "C:\Users\MC\AppData\Local\Programs\Python\Python39\lib\site-packages\telegram\_bot.py", line 4366, in get_updates
    await self._post(
  File "C:\Users\MC\AppData\Local\Programs\Python\Python39\lib\site-packages\telegram\_bot.py", line 623, in _post
    return await self._do_post(
  File "C:\Users\MC\AppData\Local\Programs\Python\Python39\lib\site-packages\telegram\ext\_extbot.py", line 355, in _do_post
    return await super()._do_post(
  File "C:\Users\MC\AppData\Local\Programs\Python\Python39\lib\site-packages\telegram\_bot.py", line 652, in _do_post
    result = await request.post(
  File "C:\Users\MC\AppData\Local\Programs\Python\Python39\lib\site-packages\telegram\request\_baserequest.py", line 201, in post
    result = await self._request_wrapper(
  File "C:\Users\MC\AppData\Local\Programs\Python\Python39\lib\site-packages\telegram\request\_baserequest.py", line 384, in _request_wrapper
    raise Conflict(message)
telegram.error.Conflict: Conflict: terminated by other getUpdates request; make sure that only one bot instance is running
2026-04-13 01:28:13,596 | INFO | HTTP Request: POST https://api.telegram.org/bot8782666061:AAHh0Fo2Q3XPaJJK7ijuuQSECkoTlcmMbls/getUpdates "HTTP/1.1 409 Conflict"
2026-04-13 01:28:13,600 | ERROR | No error handlers are registered, logging exception.
Traceback (most recent call last):
  File "C:\Users\MC\AppData\Local\Programs\Python\Python39\lib\site-packages\telegram\ext\_updater.py", line 753, in _network_loop_retry
    if not await do_action():
  File "C:\Users\MC\AppData\Local\Programs\Python\Python39\lib\site-packages\telegram\ext\_updater.py", line 747, in do_action
    return action_cb_task.result()
  File "C:\Users\MC\AppData\Local\Programs\Python\Python39\lib\site-packages\telegram\ext\_updater.py", line 377, in polling_action_cb
    updates = await self.bot.get_updates(
  File "C:\Users\MC\AppData\Local\Programs\Python\Python39\lib\site-packages\telegram\ext\_extbot.py", line 649, in get_updates
    updates = await super().get_updates(
  File "C:\Users\MC\AppData\Local\Programs\Python\Python39\lib\site-packages\telegram\_bot.py", line 4366, in get_updates
    await self._post(
  File "C:\Users\MC\AppData\Local\Programs\Python\Python39\lib\site-packages\telegram\_bot.py", line 623, in _post
    return await self._do_post(
  File "C:\Users\MC\AppData\Local\Programs\Python\Python39\lib\site-packages\telegram\ext\_extbot.py", line 355, in _do_post
    return await super()._do_post(
  File "C:\Users\MC\AppData\Local\Programs\Python\Python39\lib\site-packages\telegram\_bot.py", line 652, in _do_post
    result = await request.post(
  File "C:\Users\MC\AppData\Local\Programs\Python\Python39\lib\site-packages\telegram\request\_baserequest.py", line 201, in post
    result = await self._request_wrapper(
  File "C:\Users\MC\AppData\Local\Programs\Python\Python39\lib\site-packages\telegram\request\_baserequest.py", line 384, in _request_wrapper
    raise Conflict(message)
telegram.error.Conflict: Conflict: terminated by other getUpdates request; make sure that only one bot instance is running
2026-04-13 01:28:40,579 | INFO | HTTP Request: POST https://api.telegram.org/bot8782666061:AAHh0Fo2Q3XPaJJK7ijuuQSECkoTlcmMbls/getUpdates "HTTP/1.1 200 OK"
2026-04-13 01:28:41,182 | INFO | HTTP Request: POST https://api.telegram.org/bot8782666061:AAHh0Fo2Q3XPaJJK7ijuuQSECkoTlcmMbls/sendMessage "HTTP/1.1 200 OK"
2026-04-13 01:28:44,108 | INFO | HTTP Request: POST https://api.telegram.org/bot8782666061:AAHh0Fo2Q3XPaJJK7ijuuQSECkoTlcmMbls/getUpdates "HTTP/1.1 409 Conflict"
2026-04-13 01:28:44,109 | ERROR | No error handlers are registered, logging exception.
Traceback (most recent call last):
  File "C:\Users\MC\AppData\Local\Programs\Python\Python39\lib\site-packages\telegram\ext\_updater.py", line 753, in _network_loop_retry
    if not await do_action():
  File "C:\Users\MC\AppData\Local\Programs\Python\Python39\lib\site-packages\telegram\ext\_updater.py", line 747, in do_action
    return action_cb_task.result()
  File "C:\Users\MC\AppData\Local\Programs\Python\Python39\lib\site-packages\telegram\ext\_updater.py", line 377, in polling_action_cb
    updates = await self.bot.get_updates(
  File "C:\Users\MC\AppData\Local\Programs\Python\Python39\lib\site-packages\telegram\ext\_extbot.py", line 649, in get_updates
    updates = await super().get_updates(
  File "C:\Users\MC\AppData\Local\Programs\Python\Python39\lib\site-packages\telegram\_bot.py", line 4366, in get_updates
    await self._post(
  File "C:\Users\MC\AppData\Local\Programs\Python\Python39\lib\site-packages\telegram\_bot.py", line 623, in _post
    return await self._do_post(
  File "C:\Users\MC\AppData\Local\Programs\Python\Python39\lib\site-packages\telegram\ext\_extbot.py", line 355, in _do_post
    return await super()._do_post(
  File "C:\Users\MC\AppData\Local\Programs\Python\Python39\lib\site-packages\telegram\_bot.py", line 652, in _do_post
    result = await request.post(
  File "C:\Users\MC\AppData\Local\Programs\Python\Python39\lib\site-packages\telegram\request\_baserequest.py", line 201, in post
    result = await self._request_wrapper(
  File "C:\Users\MC\AppData\Local\Programs\Python\Python39\lib\site-packages\telegram\request\_baserequest.py", line 384, in _request_wrapper
    raise Conflict(message)
telegram.error.Conflict: Conflict: terminated by other getUpdates request; make sure that only one bot instance is running
2026-04-13 01:28:45,297 | INFO | HTTP Request: POST https://api.telegram.org/bot8782666061:AAHh0Fo2Q3XPaJJK7ijuuQSECkoTlcmMbls/getUpdates "HTTP/1.1 200 OK"
2026-04-13 01:28:45,517 | INFO | HTTP Request: POST https://api.telegram.org/bot8782666061:AAHh0Fo2Q3XPaJJK7ijuuQSECkoTlcmMbls/sendMessage "HTTP/1.1 200 OK"
2026-04-13 01:28:45,523 | INFO | HTTP Request: POST https://api.telegram.org/bot8782666061:AAHh0Fo2Q3XPaJJK7ijuuQSECkoTlcmMbls/getUpdates "HTTP/1.1 409 Conflict"
2026-04-13 01:28:45,527 | ERROR | No error handlers are registered, logging exception.
Traceback (most recent call last):
  File "C:\Users\MC\AppData\Local\Programs\Python\Python39\lib\site-packages\telegram\ext\_updater.py", line 753, in _network_loop_retry
    if not await do_action():
  File "C:\Users\MC\AppData\Local\Programs\Python\Python39\lib\site-packages\telegram\ext\_updater.py", line 747, in do_action
    return action_cb_task.result()
  File "C:\Users\MC\AppData\Local\Programs\Python\Python39\lib\site-packages\telegram\ext\_updater.py", line 377, in polling_action_cb
    updates = await self.bot.get_updates(
  File "C:\Users\MC\AppData\Local\Programs\Python\Python39\lib\site-packages\telegram\ext\_extbot.py", line 649, in get_updates
    updates = await super().get_updates(
  File "C:\Users\MC\AppData\Local\Programs\Python\Python39\lib\site-packages\telegram\_bot.py", line 4366, in get_updates
    await self._post(
  File "C:\Users\MC\AppData\Local\Programs\Python\Python39\lib\site-packages\telegram\_bot.py", line 623, in _post
    return await self._do_post(
  File "C:\Users\MC\AppData\Local\Programs\Python\Python39\lib\site-packages\telegram\ext\_extbot.py", line 355, in _do_post
    return await super()._do_post(
  File "C:\Users\MC\AppData\Local\Programs\Python\Python39\lib\site-packages\telegram\_bot.py", line 652, in _do_post
    result = await request.post(
  File "C:\Users\MC\AppData\Local\Programs\Python\Python39\lib\site-packages\telegram\request\_baserequest.py", line 201, in post
    result = await self._request_wrapper(
  File "C:\Users\MC\AppData\Local\Programs\Python\Python39\lib\site-packages\telegram\request\_baserequest.py", line 384, in _request_wrapper
    raise Conflict(message)
telegram.error.Conflict: Conflict: terminated by other getUpdates request; make sure that only one bot instance is running
2026-04-13 01:28:50,899 | INFO | HTTP Request: POST https://api.telegram.org/bot8782666061:AAHh0Fo2Q3XPaJJK7ijuuQSECkoTlcmMbls/getUpdates "HTTP/1.1 409 Conflict"
2026-04-13 01:28:50,903 | ERROR | No error handlers are registered, logging exception.
Traceback (most recent call last):
  File "C:\Users\MC\AppData\Local\Programs\Python\Python39\lib\site-packages\telegram\ext\_updater.py", line 753, in _network_loop_retry
    if not await do_action():
  File "C:\Users\MC\AppData\Local\Programs\Python\Python39\lib\site-packages\telegram\ext\_updater.py", line 747, in do_action
    return action_cb_task.result()
  File "C:\Users\MC\AppData\Local\Programs\Python\Python39\lib\site-packages\telegram\ext\_updater.py", line 377, in polling_action_cb
    updates = await self.bot.get_updates(
  File "C:\Users\MC\AppData\Local\Programs\Python\Python39\lib\site-packages\telegram\ext\_extbot.py", line 649, in get_updates
    updates = await super().get_updates(
  File "C:\Users\MC\AppData\Local\Programs\Python\Python39\lib\site-packages\telegram\_bot.py", line 4366, in get_updates
    await self._post(
  File "C:\Users\MC\AppData\Local\Programs\Python\Python39\lib\site-packages\telegram\_bot.py", line 623, in _post
    return await self._do_post(
  File "C:\Users\MC\AppData\Local\Programs\Python\Python39\lib\site-packages\telegram\ext\_extbot.py", line 355, in _do_post
    return await super()._do_post(
  File "C:\Users\MC\AppData\Local\Programs\Python\Python39\lib\site-packages\telegram\_bot.py", line 652, in _do_post
    result = await request.post(
  File "C:\Users\MC\AppData\Local\Programs\Python\Python39\lib\site-packages\telegram\request\_baserequest.py", line 201, in post
    result = await self._request_wrapper(
  File "C:\Users\MC\AppData\Local\Programs\Python\Python39\lib\site-packages\telegram\request\_baserequest.py", line 384, in _request_wrapper
    raise Conflict(message)
telegram.error.Conflict: Conflict: terminated by other getUpdates request; make sure that only one bot instance is running
2026-04-13 01:28:53,587 | INFO | HTTP Request: POST https://api.telegram.org/bot8782666061:AAHh0Fo2Q3XPaJJK7ijuuQSECkoTlcmMbls/getUpdates "HTTP/1.1 200 OK"
2026-04-13 01:28:54,178 | INFO | HTTP Request: POST https://api.telegram.org/bot8782666061:AAHh0Fo2Q3XPaJJK7ijuuQSECkoTlcmMbls/sendMessage "HTTP/1.1 200 OK"
2026-04-13 01:28:57,580 | INFO | HTTP Request: POST https://api.telegram.org/bot8782666061:AAHh0Fo2Q3XPaJJK7ijuuQSECkoTlcmMbls/getUpdates "HTTP/1.1 409 Conflict"
2026-04-13 01:28:57,584 | ERROR | No error handlers are registered, logging exception.
Traceback (most recent call last):
  File "C:\Users\MC\AppData\Local\Programs\Python\Python39\lib\site-packages\telegram\ext\_updater.py", line 753, in _network_loop_retry
    if not await do_action():
  File "C:\Users\MC\AppData\Local\Programs\Python\Python39\lib\site-packages\telegram\ext\_updater.py", line 747, in do_action
    return action_cb_task.result()
  File "C:\Users\MC\AppData\Local\Programs\Python\Python39\lib\site-packages\telegram\ext\_updater.py", line 377, in polling_action_cb
    updates = await self.bot.get_updates(
  File "C:\Users\MC\AppData\Local\Programs\Python\Python39\lib\site-packages\telegram\ext\_extbot.py", line 649, in get_updates
    updates = await super().get_updates(
  File "C:\Users\MC\AppData\Local\Programs\Python\Python39\lib\site-packages\telegram\_bot.py", line 4366, in get_updates
    await self._post(
  File "C:\Users\MC\AppData\Local\Programs\Python\Python39\lib\site-packages\telegram\_bot.py", line 623, in _post
    return await self._do_post(
  File "C:\Users\MC\AppData\Local\Programs\Python\Python39\lib\site-packages\telegram\ext\_extbot.py", line 355, in _do_post
    return await super()._do_post(
  File "C:\Users\MC\AppData\Local\Programs\Python\Python39\lib\site-packages\telegram\_bot.py", line 652, in _do_post
    result = await request.post(
  File "C:\Users\MC\AppData\Local\Programs\Python\Python39\lib\site-packages\telegram\request\_baserequest.py", line 201, in post
    result = await self._request_wrapper(
  File "C:\Users\MC\AppData\Local\Programs\Python\Python39\lib\site-packages\telegram\request\_baserequest.py", line 384, in _request_wrapper
    raise Conflict(message)
telegram.error.Conflict: Conflict: terminated by other getUpdates request; make sure that only one bot instance is running
2026-04-13 01:28:59,605 | INFO | HTTP Request: POST https://api.telegram.org/bot8782666061:AAHh0Fo2Q3XPaJJK7ijuuQSECkoTlcmMbls/getUpdates "HTTP/1.1 200 OK"
2026-04-13 01:29:00,169 | INFO | HTTP Request: POST https://api.telegram.org/bot8782666061:AAHh0Fo2Q3XPaJJK7ijuuQSECkoTlcmMbls/sendMessage "HTTP/1.1 200 OK"
2026-04-13 01:29:03,735 | INFO | HTTP Request: POST https://api.telegram.org/bot8782666061:AAHh0Fo2Q3XPaJJK7ijuuQSECkoTlcmMbls/getUpdates "HTTP/1.1 200 OK"
2026-04-13 01:29:03,946 | INFO | HTTP Request: POST https://api.telegram.org/bot8782666061:AAHh0Fo2Q3XPaJJK7ijuuQSECkoTlcmMbls/sendMessage "HTTP/1.1 200 OK"
2026-04-13 01:29:08,565 | INFO | HTTP Request: POST https://api.telegram.org/bot8782666061:AAHh0Fo2Q3XPaJJK7ijuuQSECkoTlcmMbls/getUpdates "HTTP/1.1 200 OK"
2026-04-13 01:29:08,777 | INFO | HTTP Request: POST https://api.telegram.org/bot8782666061:AAHh0Fo2Q3XPaJJK7ijuuQSECkoTlcmMbls/sendMessage "HTTP/1.1 200 OK"
2026-04-13 01:29:10,560 | INFO | HTTP Request: POST https://api.telegram.org/bot8782666061:AAHh0Fo2Q3XPaJJK7ijuuQSECkoTlcmMbls/getUpdates "HTTP/1.1 200 OK"
2026-04-13 01:29:10,773 | INFO | HTTP Request: POST https://api.telegram.org/bot8782666061:AAHh0Fo2Q3XPaJJK7ijuuQSECkoTlcmMbls/answerCallbackQuery "HTTP/1.1 200 OK"
2026-04-13 01:29:11,009 | INFO | HTTP Request: POST https://api.telegram.org/bot8782666061:AAHh0Fo2Q3XPaJJK7ijuuQSECkoTlcmMbls/editMessageReplyMarkup "HTTP/1.1 200 OK"
2026-04-13 01:29:13,033 | INFO | HTTP Request: POST https://api.telegram.org/bot8782666061:AAHh0Fo2Q3XPaJJK7ijuuQSECkoTlcmMbls/getUpdates "HTTP/1.1 200 OK"
2026-04-13 01:29:13,243 | INFO | HTTP Request: POST https://api.telegram.org/bot8782666061:AAHh0Fo2Q3XPaJJK7ijuuQSECkoTlcmMbls/answerCallbackQuery "HTTP/1.1 200 OK"
2026-04-13 01:29:13,458 | INFO | HTTP Request: POST https://api.telegram.org/bot8782666061:AAHh0Fo2Q3XPaJJK7ijuuQSECkoTlcmMbls/editMessageReplyMarkup "HTTP/1.1 200 OK"
2026-04-13 01:29:21,944 | INFO | HTTP Request: POST https://api.telegram.org/bot8782666061:AAHh0Fo2Q3XPaJJK7ijuuQSECkoTlcmMbls/getUpdates "HTTP/1.1 200 OK"
2026-04-13 01:29:22,584 | INFO | HTTP Request: POST https://api.telegram.org/bot8782666061:AAHh0Fo2Q3XPaJJK7ijuuQSECkoTlcmMbls/sendMessage "HTTP/1.1 200 OK"
2026-04-13 01:29:22,795 | INFO | HTTP Request: POST https://api.telegram.org/bot8782666061:AAHh0Fo2Q3XPaJJK7ijuuQSECkoTlcmMbls/getFile "HTTP/1.1 200 OK"
2026-04-13 01:29:23,076 | INFO | HTTP Request: GET https://api.telegram.org/file/bot8782666061%3AAAHh0Fo2Q3XPaJJK7ijuuQSECkoTlcmMbls/videos/file_237.mp4 "HTTP/1.1 200 OK"
2026-04-13 01:29:25,650 | INFO | تم تحميل الفيديو: downloads\BAACAgQAAxkBAAIF7mncBiQiHL5nXFDpsAFE21EqAq5gAAJICwAC7sXcUgTPNzj05SBNOwQ.mp4
2026-04-13 01:29:25,901 | INFO | HTTP Request: POST https://api.telegram.org/bot8782666061:AAHh0Fo2Q3XPaJJK7ijuuQSECkoTlcmMbls/editMessageText "HTTP/1.1 200 OK"
2026-04-13 01:29:26,604 | INFO | file_cache is only supported with oauth2client<4.0.0
2026-04-13 01:29:26,644 | INFO | ▶️ بدء الرفع على يوتيوب: ​​تم التنزيل عبر:
2026-04-13 01:29:33,977 | INFO | ✅ يوتيوب اكتمل: https://www.youtube.com/watch?v=OJMWBOTLyk4
2026-04-13 01:29:33,978 | INFO | يوتيوب ✅: https://www.youtube.com/watch?v=OJMWBOTLyk4
2026-04-13 01:29:33,982 | INFO | HTTP Request: POST https://api.telegram.org/bot8782666061:AAHh0Fo2Q3XPaJJK7ijuuQSECkoTlcmMbls/getUpdates "HTTP/1.1 200 OK"
2026-04-13 01:29:34,627 | INFO | HTTP Request: POST https://api.telegram.org/bot8782666061:AAHh0Fo2Q3XPaJJK7ijuuQSECkoTlcmMbls/editMessageText "HTTP/1.1 200 OK"
2026-04-13 01:29:39,207 | INFO | Starting Instagram Reel post | URL: https://res.cloudinary.com/dejrsi3fd/video/upload/v1776032978/instagram_reels/ccbmrre4qdioknrdjvhm.mp4
2026-04-13 01:29:39,877 | INFO | Create container response: {'error': {'message': "Unsupported post request. Object with ID 'None' does not exist, cannot be loaded due to missing permissions, or does not support this operation. Please read the Graph API documentation at https://developers.facebook.com/docs/graph-api", 'type': 'GraphMethodException', 'code': 100, 'error_subcode': 33, 'fbtrace_id': 'Ah0MvVnQYdQTloz9AYr8Zjw'}}
2026-04-13 01:29:39,878 | ERROR | Failed to create container: {'error': {'message': "Unsupported post request. Object with ID 'None' does not exist, cannot be loaded due to missing permissions, or does not support this operation. Please read the Graph API documentation at https://developers.facebook.com/docs/graph-api", 'type': 'GraphMethodException', 'code': 100, 'error_subcode': 33, 'fbtrace_id': 'Ah0MvVnQYdQTloz9AYr8Zjw'}}
2026-04-13 01:29:39,880 | INFO | تم حذف الفيديو: downloads\BAACAgQAAxkBAAIF7mncBiQiHL5nXFDpsAFE21EqAq5gAAJICwAC7sXcUgTPNzj05SBNOwQ.mp4
2026-04-13 01:29:40,523 | INFO | HTTP Request: POST https://api.telegram.org/bot8782666061:AAHh0Fo2Q3XPaJJK7ijuuQSECkoTlcmMbls/editMessageText "HTTP/1.1 200 OK"
2026-04-13 01:29:44,206 | INFO | HTTP Request: POST https://api.telegram.org/bot8782666061:AAHh0Fo2Q3XPaJJK7ijuuQSECkoTlcmMbls/getUpdates "HTTP/1.1 200 OK"
2026-04-13 01:29:54,435 | INFO | HTTP Request: POST https://api.telegram.org/bot8782666061:AAHh0Fo2Q3XPaJJK7ijuuQSECkoTlcmMbls/getUpdates "HTTP/1.1 200 OK"
2026-04-13 01:30:04,660 | INFO | HTTP Request: POST https://api.telegram.org/bot8782666061:AAHh0Fo2Q3XPaJJK7ijuuQSECkoTlcmMbls/getUpdates "HTTP/1.1 200 OK"
2026-04-13 01:30:14,892 | INFO | HTTP Request: POST https://api.telegram.org/bot8782666061:AAHh0Fo2Q3XPaJJK7ijuuQSECkoTlcmMbls/getUpdates "HTTP/1.1 200 OK"
2026-04-13 01:30:25,090 | INFO | HTTP Request: POST https://api.telegram.org/bot8782666061:AAHh0Fo2Q3XPaJJK7ijuuQSECkoTlcmMbls/getUpdates "HTTP/1.1 200 OK"
2026-04-13 01:30:35,299 | INFO | HTTP Request: POST https://api.telegram.org/bot8782666061:AAHh0Fo2Q3XPaJJK7ijuuQSECkoTlcmMbls/getUpdates "HTTP/1.1 200 OK"
2026-04-13 01:30:45,488 | INFO | HTTP Request: POST https://api.telegram.org/bot8782666061:AAHh0Fo2Q3XPaJJK7ijuuQSECkoTlcmMbls/getUpdates "HTTP/1.1 200 OK"
2026-04-13 01:30:56,444 | INFO | HTTP Request: POST https://api.telegram.org/bot8782666061:AAHh0Fo2Q3XPaJJK7ijuuQSECkoTlcmMbls/getUpdates "HTTP/1.1 200 OK"
2026-04-13 01:31:06,646 | INFO | HTTP Request: POST https://api.telegram.org/bot8782666061:AAHh0Fo2Q3XPaJJK7ijuuQSECkoTlcmMbls/getUpdates "HTTP/1.1 200 OK"
2026-04-13 01:31:16,859 | INFO | HTTP Request: POST https://api.telegram.org/bot8782666061:AAHh0Fo2Q3XPaJJK7ijuuQSECkoTlcmMbls/getUpdates "HTTP/1.1 200 OK"
2026-04-13 01:31:27,073 | INFO | HTTP Request: POST https://api.telegram.org/bot8782666061:AAHh0Fo2Q3XPaJJK7ijuuQSECkoTlcmMbls/getUpdates "HTTP/1.1 200 OK"
2026-04-13 01:31:37,294 | INFO | HTTP Request: POST https://api.telegram.org/bot8782666061:AAHh0Fo2Q3XPaJJK7ijuuQSECkoTlcmMbls/getUpdates "HTTP/1.1 200 OK"
2026-04-13 01:31:47,597 | INFO | HTTP Request: POST https://api.telegram.org/bot8782666061:AAHh0Fo2Q3XPaJJK7ijuuQSECkoTlcmMbls/getUpdates "HTTP/1.1 200 OK"
2026-04-13 01:31:57,810 | INFO | HTTP Request: POST https://api.telegram.org/bot8782666061:AAHh0Fo2Q3XPaJJK7ijuuQSECkoTlcmMbls/getUpdates "HTTP/1.1 200 OK"
2026-04-13 01:32:08,014 | INFO | HTTP Request: POST https://api.telegram.org/bot8782666061:AAHh0Fo2Q3XPaJJK7ijuuQSECkoTlcmMbls/getUpdates "HTTP/1.1 200 OK"
2026-04-13 01:32:18,223 | INFO | HTTP Request: POST https://api.telegram.org/bot8782666061:AAHh0Fo2Q3XPaJJK7ijuuQSECkoTlcmMbls/getUpdates "HTTP/1.1 200 OK"
2026-04-13 01:32:28,433 | INFO | HTTP Request: POST https://api.telegram.org/bot8782666061:AAHh0Fo2Q3XPaJJK7ijuuQSECkoTlcmMbls/getUpdates "HTTP/1.1 200 OK"
2026-04-13 01:32:38,864 | INFO | HTTP Request: POST https://api.telegram.org/bot8782666061:AAHh0Fo2Q3XPaJJK7ijuuQSECkoTlcmMbls/getUpdates "HTTP/1.1 200 OK"
2026-04-13 01:32:49,113 | INFO | HTTP Request: POST https://api.telegram.org/bot8782666061:AAHh0Fo2Q3XPaJJK7ijuuQSECkoTlcmMbls/getUpdates "HTTP/1.1 200 OK"
2026-04-13 01:32:59,339 | INFO | HTTP Request: POST https://api.telegram.org/bot8782666061:AAHh0Fo2Q3XPaJJK7ijuuQSECkoTlcmMbls/getUpdates "HTTP/1.1 200 OK"
2026-04-13 01:33:09,585 | INFO | HTTP Request: POST https://api.telegram.org/bot8782666061:AAHh0Fo2Q3XPaJJK7ijuuQSECkoTlcmMbls/getUpdates "HTTP/1.1 200 OK"
2026-04-13 01:33:19,808 | INFO | HTTP Request: POST https://api.telegram.org/bot8782666061:AAHh0Fo2Q3XPaJJK7ijuuQSECkoTlcmMbls/getUpdates "HTTP/1.1 200 OK"
2026-04-13 01:33:30,021 | INFO | HTTP Request: POST https://api.telegram.org/bot8782666061:AAHh0Fo2Q3XPaJJK7ijuuQSECkoTlcmMbls/getUpdates "HTTP/1.1 200 OK"
2026-04-13 01:33:40,237 | INFO | HTTP Request: POST https://api.telegram.org/bot8782666061:AAHh0Fo2Q3XPaJJK7ijuuQSECkoTlcmMbls/getUpdates "HTTP/1.1 200 OK"
2026-04-13 01:33:50,433 | INFO | HTTP Request: POST https://api.telegram.org/bot8782666061:AAHh0Fo2Q3XPaJJK7ijuuQSECkoTlcmMbls/getUpdates "HTTP/1.1 200 OK"
2026-04-13 01:34:00,648 | INFO | HTTP Request: POST https://api.telegram.org/bot8782666061:AAHh0Fo2Q3XPaJJK7ijuuQSECkoTlcmMbls/getUpdates "HTTP/1.1 200 OK"
2026-04-13 01:34:10,858 | INFO | HTTP Request: POST https://api.telegram.org/bot8782666061:AAHh0Fo2Q3XPaJJK7ijuuQSECkoTlcmMbls/getUpdates "HTTP/1.1 200 OK"
2026-04-13 01:34:21,072 | INFO | HTTP Request: POST https://api.telegram.org/bot8782666061:AAHh0Fo2Q3XPaJJK7ijuuQSECkoTlcmMbls/getUpdates "HTTP/1.1 200 OK"
2026-04-13 01:34:31,285 | INFO | HTTP Request: POST https://api.telegram.org/bot8782666061:AAHh0Fo2Q3XPaJJK7ijuuQSECkoTlcmMbls/getUpdates "HTTP/1.1 200 OK"
2026-04-13 01:34:41,483 | INFO | HTTP Request: POST https://api.telegram.org/bot8782666061:AAHh0Fo2Q3XPaJJK7ijuuQSECkoTlcmMbls/getUpdates "HTTP/1.1 200 OK"
2026-04-13 01:34:51,701 | INFO | HTTP Request: POST https://api.telegram.org/bot8782666061:AAHh0Fo2Q3XPaJJK7ijuuQSECkoTlcmMbls/getUpdates "HTTP/1.1 200 OK"
2026-04-13 01:35:02,337 | INFO | HTTP Request: POST https://api.telegram.org/bot8782666061:AAHh0Fo2Q3XPaJJK7ijuuQSECkoTlcmMbls/getUpdates "HTTP/1.1 200 OK"
2026-04-13 01:35:12,553 | INFO | HTTP Request: POST https://api.telegram.org/bot8782666061:AAHh0Fo2Q3XPaJJK7ijuuQSECkoTlcmMbls/getUpdates "HTTP/1.1 200 OK"
2026-04-13 01:35:23,646 | INFO | HTTP Request: POST https://api.telegram.org/bot8782666061:AAHh0Fo2Q3XPaJJK7ijuuQSECkoTlcmMbls/getUpdates "HTTP/1.1 200 OK"
2026-04-13 01:35:33,850 | INFO | HTTP Request: POST https://api.telegram.org/bot8782666061:AAHh0Fo2Q3XPaJJK7ijuuQSECkoTlcmMbls/getUpdates "HTTP/1.1 200 OK"
2026-04-13 01:35:44,819 | INFO | HTTP Request: POST https://api.telegram.org/bot8782666061:AAHh0Fo2Q3XPaJJK7ijuuQSECkoTlcmMbls/getUpdates "HTTP/1.1 200 OK"
2026-04-13 01:35:55,027 | INFO | HTTP Request: POST https://api.telegram.org/bot8782666061:AAHh0Fo2Q3XPaJJK7ijuuQSECkoTlcmMbls/getUpdates "HTTP/1.1 200 OK"
2026-04-13 01:36:05,233 | INFO | HTTP Request: POST https://api.telegram.org/bot8782666061:AAHh0Fo2Q3XPaJJK7ijuuQSECkoTlcmMbls/getUpdates "HTTP/1.1 200 OK"
2026-04-13 01:36:15,452 | INFO | HTTP Request: POST https://api.telegram.org/bot8782666061:AAHh0Fo2Q3XPaJJK7ijuuQSECkoTlcmMbls/getUpdates "HTTP/1.1 200 OK"
2026-04-13 01:36:25,676 | INFO | HTTP Request: POST https://api.telegram.org/bot8782666061:AAHh0Fo2Q3XPaJJK7ijuuQSECkoTlcmMbls/getUpdates "HTTP/1.1 200 OK"
2026-04-13 01:36:35,947 | INFO | HTTP Request: POST https://api.telegram.org/bot8782666061:AAHh0Fo2Q3XPaJJK7ijuuQSECkoTlcmMbls/getUpdates "HTTP/1.1 200 OK"
2026-04-13 01:36:46,144 | INFO | HTTP Request: POST https://api.telegram.org/bot8782666061:AAHh0Fo2Q3XPaJJK7ijuuQSECkoTlcmMbls/getUpdates "HTTP/1.1 200 OK"
2026-04-13 01:36:56,343 | INFO | HTTP Request: POST https://api.telegram.org/bot8782666061:AAHh0Fo2Q3XPaJJK7ijuuQSECkoTlcmMbls/getUpdates "HTTP/1.1 200 OK"
2026-04-13 01:37:06,534 | INFO | HTTP Request: POST https://api.telegram.org/bot8782666061:AAHh0Fo2Q3XPaJJK7ijuuQSECkoTlcmMbls/getUpdates "HTTP/1.1 200 OK"
2026-04-13 01:37:16,748 | INFO | HTTP Request: POST https://api.telegram.org/bot8782666061:AAHh0Fo2Q3XPaJJK7ijuuQSECkoTlcmMbls/getUpdates "HTTP/1.1 200 OK"
2026-04-13 01:37:26,953 | INFO | HTTP Request: POST https://api.telegram.org/bot8782666061:AAHh0Fo2Q3XPaJJK7ijuuQSECkoTlcmMbls/getUpdates "HTTP/1.1 200 OK"
2026-04-13 01:37:37,167 | INFO | HTTP Request: POST https://api.telegram.org/bot8782666061:AAHh0Fo2Q3XPaJJK7ijuuQSECkoTlcmMbls/getUpdates "HTTP/1.1 200 OK"
2026-04-13 01:37:47,369 | INFO | HTTP Request: POST https://api.telegram.org/bot8782666061:AAHh0Fo2Q3XPaJJK7ijuuQSECkoTlcmMbls/getUpdates "HTTP/1.1 200 OK"
2026-04-13 01:37:57,585 | INFO | HTTP Request: POST https://api.telegram.org/bot8782666061:AAHh0Fo2Q3XPaJJK7ijuuQSECkoTlcmMbls/getUpdates "HTTP/1.1 200 OK"
2026-04-13 01:38:07,783 | INFO | HTTP Request: POST https://api.telegram.org/bot8782666061:AAHh0Fo2Q3XPaJJK7ijuuQSECkoTlcmMbls/getUpdates "HTTP/1.1 200 OK"
2026-04-13 01:38:18,034 | INFO | HTTP Request: POST https://api.telegram.org/bot8782666061:AAHh0Fo2Q3XPaJJK7ijuuQSECkoTlcmMbls/getUpdates "HTTP/1.1 200 OK"
2026-04-13 01:38:28,281 | INFO | HTTP Request: POST https://api.telegram.org/bot8782666061:AAHh0Fo2Q3XPaJJK7ijuuQSECkoTlcmMbls/getUpdates "HTTP/1.1 200 OK"
2026-04-13 01:38:38,487 | INFO | HTTP Request: POST https://api.telegram.org/bot8782666061:AAHh0Fo2Q3XPaJJK7ijuuQSECkoTlcmMbls/getUpdates "HTTP/1.1 200 OK"
2026-04-13 01:38:48,779 | INFO | HTTP Request: POST https://api.telegram.org/bot8782666061:AAHh0Fo2Q3XPaJJK7ijuuQSECkoTlcmMbls/getUpdates "HTTP/1.1 200 OK"
2026-04-13 01:38:59,569 | INFO | HTTP Request: POST https://api.telegram.org/bot8782666061:AAHh0Fo2Q3XPaJJK7ijuuQSECkoTlcmMbls/getUpdates "HTTP/1.1 200 OK"
2026-04-13 01:39:10,250 | INFO | HTTP Request: POST https://api.telegram.org/bot8782666061:AAHh0Fo2Q3XPaJJK7ijuuQSECkoTlcmMbls/getUpdates "HTTP/1.1 200 OK"
2026-04-13 01:39:20,459 | INFO | HTTP Request: POST https://api.telegram.org/bot8782666061:AAHh0Fo2Q3XPaJJK7ijuuQSECkoTlcmMbls/getUpdates "HTTP/1.1 200 OK"
2026-04-13 01:39:30,667 | INFO | HTTP Request: POST https://api.telegram.org/bot8782666061:AAHh0Fo2Q3XPaJJK7ijuuQSECkoTlcmMbls/getUpdates "HTTP/1.1 200 OK"
2026-04-13 01:39:40,883 | INFO | HTTP Request: POST https://api.telegram.org/bot8782666061:AAHh0Fo2Q3XPaJJK7ijuuQSECkoTlcmMbls/getUpdates "HTTP/1.1 200 OK"
2026-04-13 01:39:51,095 | INFO | HTTP Request: POST https://api.telegram.org/bot8782666061:AAHh0Fo2Q3XPaJJK7ijuuQSECkoTlcmMbls/getUpdates "HTTP/1.1 200 OK"
2026-04-13 01:40:01,336 | INFO | HTTP Request: POST https://api.telegram.org/bot8782666061:AAHh0Fo2Q3XPaJJK7ijuuQSECkoTlcmMbls/getUpdates "HTTP/1.1 200 OK"
2026-04-13 01:40:11,537 | INFO | HTTP Request: POST https://api.telegram.org/bot8782666061:AAHh0Fo2Q3XPaJJK7ijuuQSECkoTlcmMbls/getUpdates "HTTP/1.1 200 OK"
2026-04-13 01:40:21,737 | INFO | HTTP Request: POST https://api.telegram.org/bot8782666061:AAHh0Fo2Q3XPaJJK7ijuuQSECkoTlcmMbls/getUpdates "HTTP/1.1 200 OK"
2026-04-13 01:40:31,959 | INFO | HTTP Request: POST https://api.telegram.org/bot8782666061:AAHh0Fo2Q3XPaJJK7ijuuQSECkoTlcmMbls/getUpdates "HTTP/1.1 200 OK"
2026-04-13 01:40:42,175 | INFO | HTTP Request: POST https://api.telegram.org/bot8782666061:AAHh0Fo2Q3XPaJJK7ijuuQSECkoTlcmMbls/getUpdates "HTTP/1.1 200 OK"
2026-04-13 01:40:52,394 | INFO | HTTP Request: POST https://api.telegram.org/bot8782666061:AAHh0Fo2Q3XPaJJK7ijuuQSECkoTlcmMbls/getUpdates "HTTP/1.1 200 OK"
2026-04-13 01:41:02,610 | INFO | HTTP Request: POST https://api.telegram.org/bot8782666061:AAHh0Fo2Q3XPaJJK7ijuuQSECkoTlcmMbls/getUpdates "HTTP/1.1 200 OK"
2026-04-13 01:41:12,837 | INFO | HTTP Request: POST https://api.telegram.org/bot8782666061:AAHh0Fo2Q3XPaJJK7ijuuQSECkoTlcmMbls/getUpdates "HTTP/1.1 200 OK"
2026-04-13 01:41:23,051 | INFO | HTTP Request: POST https://api.telegram.org/bot8782666061:AAHh0Fo2Q3XPaJJK7ijuuQSECkoTlcmMbls/getUpdates "HTTP/1.1 200 OK"
2026-04-13 01:41:33,269 | INFO | HTTP Request: POST https://api.telegram.org/bot8782666061:AAHh0Fo2Q3XPaJJK7ijuuQSECkoTlcmMbls/getUpdates "HTTP/1.1 200 OK"
2026-04-13 01:41:43,466 | INFO | HTTP Request: POST https://api.telegram.org/bot8782666061:AAHh0Fo2Q3XPaJJK7ijuuQSECkoTlcmMbls/getUpdates "HTTP/1.1 200 OK"
2026-04-13 01:41:53,672 | INFO | HTTP Request: POST https://api.telegram.org/bot8782666061:AAHh0Fo2Q3XPaJJK7ijuuQSECkoTlcmMbls/getUpdates "HTTP/1.1 200 OK"
2026-04-13 01:42:03,884 | INFO | HTTP Request: POST https://api.telegram.org/bot8782666061:AAHh0Fo2Q3XPaJJK7ijuuQSECkoTlcmMbls/getUpdates "HTTP/1.1 200 OK"
2026-04-13 01:42:14,102 | INFO | HTTP Request: POST https://api.telegram.org/bot8782666061:AAHh0Fo2Q3XPaJJK7ijuuQSECkoTlcmMbls/getUpdates "HTTP/1.1 200 OK"
2026-04-13 01:42:24,317 | INFO | HTTP Request: POST https://api.telegram.org/bot8782666061:AAHh0Fo2Q3XPaJJK7ijuuQSECkoTlcmMbls/getUpdates "HTTP/1.1 200 OK"
2026-04-13 01:42:34,517 | INFO | HTTP Request: POST https://api.telegram.org/bot8782666061:AAHh0Fo2Q3XPaJJK7ijuuQSECkoTlcmMbls/getUpdates "HTTP/1.1 200 OK"
2026-04-13 01:42:44,735 | INFO | HTTP Request: POST https://api.telegram.org/bot8782666061:AAHh0Fo2Q3XPaJJK7ijuuQSECkoTlcmMbls/getUpdates "HTTP/1.1 200 OK"
2026-04-13 01:42:54,950 | INFO | HTTP Request: POST https://api.telegram.org/bot8782666061:AAHh0Fo2Q3XPaJJK7ijuuQSECkoTlcmMbls/getUpdates "HTTP/1.1 200 OK"
2026-04-13 01:43:05,153 | INFO | HTTP Request: POST https://api.telegram.org/bot8782666061:AAHh0Fo2Q3XPaJJK7ijuuQSECkoTlcmMbls/getUpdates "HTTP/1.1 200 OK"
2026-04-13 01:43:15,362 | INFO | HTTP Request: POST https://api.telegram.org/bot8782666061:AAHh0Fo2Q3XPaJJK7ijuuQSECkoTlcmMbls/getUpdates "HTTP/1.1 200 OK"
2026-04-13 01:43:25,577 | INFO | HTTP Request: POST https://api.telegram.org/bot8782666061:AAHh0Fo2Q3XPaJJK7ijuuQSECkoTlcmMbls/getUpdates "HTTP/1.1 200 OK"
2026-04-13 01:43:35,774 | INFO | HTTP Request: POST https://api.telegram.org/bot8782666061:AAHh0Fo2Q3XPaJJK7ijuuQSECkoTlcmMbls/getUpdates "HTTP/1.1 200 OK"
2026-04-13 01:43:45,988 | INFO | HTTP Request: POST https://api.telegram.org/bot8782666061:AAHh0Fo2Q3XPaJJK7ijuuQSECkoTlcmMbls/getUpdates "HTTP/1.1 200 OK"
2026-04-13 01:43:56,207 | INFO | HTTP Request: POST https://api.telegram.org/bot8782666061:AAHh0Fo2Q3XPaJJK7ijuuQSECkoTlcmMbls/getUpdates "HTTP/1.1 200 OK"
2026-04-13 01:44:06,408 | INFO | HTTP Request: POST https://api.telegram.org/bot8782666061:AAHh0Fo2Q3XPaJJK7ijuuQSECkoTlcmMbls/getUpdates "HTTP/1.1 200 OK"
2026-04-13 01:44:16,627 | INFO | HTTP Request: POST https://api.telegram.org/bot8782666061:AAHh0Fo2Q3XPaJJK7ijuuQSECkoTlcmMbls/getUpdates "HTTP/1.1 200 OK"
2026-04-13 01:44:27,277 | INFO | HTTP Request: POST https://api.telegram.org/bot8782666061:AAHh0Fo2Q3XPaJJK7ijuuQSECkoTlcmMbls/getUpdates "HTTP/1.1 200 OK"
2026-04-13 01:44:37,486 | INFO | HTTP Request: POST https://api.telegram.org/bot8782666061:AAHh0Fo2Q3XPaJJK7ijuuQSECkoTlcmMbls/getUpdates "HTTP/1.1 200 OK"
2026-04-13 01:44:47,673 | INFO | HTTP Request: POST https://api.telegram.org/bot8782666061:AAHh0Fo2Q3XPaJJK7ijuuQSECkoTlcmMbls/getUpdates "HTTP/1.1 200 OK"
2026-04-13 01:44:57,871 | INFO | HTTP Request: POST https://api.telegram.org/bot8782666061:AAHh0Fo2Q3XPaJJK7ijuuQSECkoTlcmMbls/getUpdates "HTTP/1.1 200 OK"
2026-04-13 01:45:08,076 | INFO | HTTP Request: POST https://api.telegram.org/bot8782666061:AAHh0Fo2Q3XPaJJK7ijuuQSECkoTlcmMbls/getUpdates "HTTP/1.1 200 OK"
2026-04-13 01:45:18,274 | INFO | HTTP Request: POST https://api.telegram.org/bot8782666061:AAHh0Fo2Q3XPaJJK7ijuuQSECkoTlcmMbls/getUpdates "HTTP/1.1 200 OK"
2026-04-13 01:45:28,502 | INFO | HTTP Request: POST https://api.telegram.org/bot8782666061:AAHh0Fo2Q3XPaJJK7ijuuQSECkoTlcmMbls/getUpdates "HTTP/1.1 200 OK"
2026-04-13 01:45:38,714 | INFO | HTTP Request: POST https://api.telegram.org/bot8782666061:AAHh0Fo2Q3XPaJJK7ijuuQSECkoTlcmMbls/getUpdates "HTTP/1.1 200 OK"
2026-04-13 01:45:48,902 | INFO | HTTP Request: POST https://api.telegram.org/bot8782666061:AAHh0Fo2Q3XPaJJK7ijuuQSECkoTlcmMbls/getUpdates "HTTP/1.1 200 OK"
2026-04-13 01:45:59,112 | INFO | HTTP Request: POST https://api.telegram.org/bot8782666061:AAHh0Fo2Q3XPaJJK7ijuuQSECkoTlcmMbls/getUpdates "HTTP/1.1 200 OK"
2026-04-13 01:46:09,322 | INFO | HTTP Request: POST https://api.telegram.org/bot8782666061:AAHh0Fo2Q3XPaJJK7ijuuQSECkoTlcmMbls/getUpdates "HTTP/1.1 200 OK"
2026-04-13 01:46:19,518 | INFO | HTTP Request: POST https://api.telegram.org/bot8782666061:AAHh0Fo2Q3XPaJJK7ijuuQSECkoTlcmMbls/getUpdates "HTTP/1.1 200 OK"
2026-04-13 01:46:29,732 | INFO | HTTP Request: POST https://api.telegram.org/bot8782666061:AAHh0Fo2Q3XPaJJK7ijuuQSECkoTlcmMbls/getUpdates "HTTP/1.1 200 OK"
2026-04-13 01:46:40,482 | INFO | HTTP Request: POST https://api.telegram.org/bot8782666061:AAHh0Fo2Q3XPaJJK7ijuuQSECkoTlcmMbls/getUpdates "HTTP/1.1 200 OK"
2026-04-13 01:46:50,674 | INFO | HTTP Request: POST https://api.telegram.org/bot8782666061:AAHh0Fo2Q3XPaJJK7ijuuQSECkoTlcmMbls/getUpdates "HTTP/1.1 200 OK"
2026-04-13 01:47:00,994 | INFO | HTTP Request: POST https://api.telegram.org/bot8782666061:AAHh0Fo2Q3XPaJJK7ijuuQSECkoTlcmMbls/getUpdates "HTTP/1.1 200 OK"
2026-04-13 01:47:11,178 | INFO | HTTP Request: POST https://api.telegram.org/bot8782666061:AAHh0Fo2Q3XPaJJK7ijuuQSECkoTlcmMbls/getUpdates "HTTP/1.1 200 OK"
2026-04-13 01:47:21,364 | INFO | HTTP Request: POST https://api.telegram.org/bot8782666061:AAHh0Fo2Q3XPaJJK7ijuuQSECkoTlcmMbls/getUpdates "HTTP/1.1 200 OK"
2026-04-13 01:47:31,577 | INFO | HTTP Request: POST https://api.telegram.org/bot8782666061:AAHh0Fo2Q3XPaJJK7ijuuQSECkoTlcmMbls/getUpdates "HTTP/1.1 200 OK"
2026-04-13 01:47:41,772 | INFO | HTTP Request: POST https://api.telegram.org/bot8782666061:AAHh0Fo2Q3XPaJJK7ijuuQSECkoTlcmMbls/getUpdates "HTTP/1.1 200 OK"
2026-04-13 01:47:52,003 | INFO | HTTP Request: POST https://api.telegram.org/bot8782666061:AAHh0Fo2Q3XPaJJK7ijuuQSECkoTlcmMbls/getUpdates "HTTP/1.1 200 OK"
2026-04-13 01:48:02,264 | INFO | HTTP Request: POST https://api.telegram.org/bot8782666061:AAHh0Fo2Q3XPaJJK7ijuuQSECkoTlcmMbls/getUpdates "HTTP/1.1 200 OK"
2026-04-13 01:48:12,466 | INFO | HTTP Request: POST https://api.telegram.org/bot8782666061:AAHh0Fo2Q3XPaJJK7ijuuQSECkoTlcmMbls/getUpdates "HTTP/1.1 200 OK"
2026-04-13 01:48:22,663 | INFO | HTTP Request: POST https://api.telegram.org/bot8782666061:AAHh0Fo2Q3XPaJJK7ijuuQSECkoTlcmMbls/getUpdates "HTTP/1.1 200 OK"
2026-04-13 01:48:32,898 | INFO | HTTP Request: POST https://api.telegram.org/bot8782666061:AAHh0Fo2Q3XPaJJK7ijuuQSECkoTlcmMbls/getUpdates "HTTP/1.1 200 OK"
2026-04-13 01:48:43,101 | INFO | HTTP Request: POST https://api.telegram.org/bot8782666061:AAHh0Fo2Q3XPaJJK7ijuuQSECkoTlcmMbls/getUpdates "HTTP/1.1 200 OK"
2026-04-13 01:48:53,294 | INFO | HTTP Request: POST https://api.telegram.org/bot8782666061:AAHh0Fo2Q3XPaJJK7ijuuQSECkoTlcmMbls/getUpdates "HTTP/1.1 200 OK"
2026-04-13 01:49:03,490 | INFO | HTTP Request: POST https://api.telegram.org/bot8782666061:AAHh0Fo2Q3XPaJJK7ijuuQSECkoTlcmMbls/getUpdates "HTTP/1.1 200 OK"
2026-04-13 01:49:13,708 | INFO | HTTP Request: POST https://api.telegram.org/bot8782666061:AAHh0Fo2Q3XPaJJK7ijuuQSECkoTlcmMbls/getUpdates "HTTP/1.1 200 OK"
2026-04-13 01:49:24,070 | INFO | HTTP Request: POST https://api.telegram.org/bot8782666061:AAHh0Fo2Q3XPaJJK7ijuuQSECkoTlcmMbls/getUpdates "HTTP/1.1 200 OK"
2026-04-13 01:49:34,287 | INFO | HTTP Request: POST https://api.telegram.org/bot8782666061:AAHh0Fo2Q3XPaJJK7ijuuQSECkoTlcmMbls/getUpdates "HTTP/1.1 200 OK"
2026-04-13 01:49:44,472 | INFO | HTTP Request: POST https://api.telegram.org/bot8782666061:AAHh0Fo2Q3XPaJJK7ijuuQSECkoTlcmMbls/getUpdates "HTTP/1.1 200 OK"
2026-04-13 01:49:54,662 | INFO | HTTP Request: POST https://api.telegram.org/bot8782666061:AAHh0Fo2Q3XPaJJK7ijuuQSECkoTlcmMbls/getUpdates "HTTP/1.1 200 OK"
2026-04-13 01:50:04,850 | INFO | HTTP Request: POST https://api.telegram.org/bot8782666061:AAHh0Fo2Q3XPaJJK7ijuuQSECkoTlcmMbls/getUpdates "HTTP/1.1 200 OK"
2026-04-13 01:50:15,055 | INFO | HTTP Request: POST https://api.telegram.org/bot8782666061:AAHh0Fo2Q3XPaJJK7ijuuQSECkoTlcmMbls/getUpdates "HTTP/1.1 200 OK"
2026-04-13 01:50:25,447 | INFO | HTTP Request: POST https://api.telegram.org/bot8782666061:AAHh0Fo2Q3XPaJJK7ijuuQSECkoTlcmMbls/getUpdates "HTTP/1.1 200 OK"
2026-04-13 01:50:35,665 | INFO | HTTP Request: POST https://api.telegram.org/bot8782666061:AAHh0Fo2Q3XPaJJK7ijuuQSECkoTlcmMbls/getUpdates "HTTP/1.1 200 OK"
2026-04-13 01:50:45,868 | INFO | HTTP Request: POST https://api.telegram.org/bot8782666061:AAHh0Fo2Q3XPaJJK7ijuuQSECkoTlcmMbls/getUpdates "HTTP/1.1 200 OK"
2026-04-13 01:50:56,062 | INFO | HTTP Request: POST https://api.telegram.org/bot8782666061:AAHh0Fo2Q3XPaJJK7ijuuQSECkoTlcmMbls/getUpdates "HTTP/1.1 200 OK"
2026-04-13 01:51:06,259 | INFO | HTTP Request: POST https://api.telegram.org/bot8782666061:AAHh0Fo2Q3XPaJJK7ijuuQSECkoTlcmMbls/getUpdates "HTTP/1.1 200 OK"
2026-04-13 01:51:16,464 | INFO | HTTP Request: POST https://api.telegram.org/bot8782666061:AAHh0Fo2Q3XPaJJK7ijuuQSECkoTlcmMbls/getUpdates "HTTP/1.1 200 OK"
2026-04-13 01:51:26,684 | INFO | HTTP Request: POST https://api.telegram.org/bot8782666061:AAHh0Fo2Q3XPaJJK7ijuuQSECkoTlcmMbls/getUpdates "HTTP/1.1 200 OK"
2026-04-13 01:51:36,896 | INFO | HTTP Request: POST https://api.telegram.org/bot8782666061:AAHh0Fo2Q3XPaJJK7ijuuQSECkoTlcmMbls/getUpdates "HTTP/1.1 200 OK"
2026-04-13 01:51:47,092 | INFO | HTTP Request: POST https://api.telegram.org/bot8782666061:AAHh0Fo2Q3XPaJJK7ijuuQSECkoTlcmMbls/getUpdates "HTTP/1.1 200 OK"
2026-04-13 01:51:57,513 | INFO | HTTP Request: POST https://api.telegram.org/bot8782666061:AAHh0Fo2Q3XPaJJK7ijuuQSECkoTlcmMbls/getUpdates "HTTP/1.1 200 OK"
2026-04-13 01:52:07,719 | INFO | HTTP Request: POST https://api.telegram.org/bot8782666061:AAHh0Fo2Q3XPaJJK7ijuuQSECkoTlcmMbls/getUpdates "HTTP/1.1 200 OK"
2026-04-13 01:52:18,686 | INFO | HTTP Request: POST https://api.telegram.org/bot8782666061:AAHh0Fo2Q3XPaJJK7ijuuQSECkoTlcmMbls/getUpdates "HTTP/1.1 200 OK"
2026-04-13 01:52:30,226 | INFO | HTTP Request: POST https://api.telegram.org/bot8782666061:AAHh0Fo2Q3XPaJJK7ijuuQSECkoTlcmMbls/getUpdates "HTTP/1.1 200 OK"
2026-04-13 01:52:40,601 | INFO | HTTP Request: POST https://api.telegram.org/bot8782666061:AAHh0Fo2Q3XPaJJK7ijuuQSECkoTlcmMbls/getUpdates "HTTP/1.1 200 OK"
2026-04-13 01:52:50,803 | INFO | HTTP Request: POST https://api.telegram.org/bot8782666061:AAHh0Fo2Q3XPaJJK7ijuuQSECkoTlcmMbls/getUpdates "HTTP/1.1 200 OK"
2026-04-13 01:53:00,990 | INFO | HTTP Request: POST https://api.telegram.org/bot8782666061:AAHh0Fo2Q3XPaJJK7ijuuQSECkoTlcmMbls/getUpdates "HTTP/1.1 200 OK"
2026-04-13 01:53:12,107 | INFO | HTTP Request: POST https://api.telegram.org/bot8782666061:AAHh0Fo2Q3XPaJJK7ijuuQSECkoTlcmMbls/getUpdates "HTTP/1.1 200 OK"
2026-04-13 01:53:22,303 | INFO | HTTP Request: POST https://api.telegram.org/bot8782666061:AAHh0Fo2Q3XPaJJK7ijuuQSECkoTlcmMbls/getUpdates "HTTP/1.1 200 OK"
2026-04-13 01:53:32,505 | INFO | HTTP Request: POST https://api.telegram.org/bot8782666061:AAHh0Fo2Q3XPaJJK7ijuuQSECkoTlcmMbls/getUpdates "HTTP/1.1 200 OK"
2026-04-13 01:53:42,689 | INFO | HTTP Request: POST https://api.telegram.org/bot8782666061:AAHh0Fo2Q3XPaJJK7ijuuQSECkoTlcmMbls/getUpdates "HTTP/1.1 200 OK"
2026-04-13 01:53:52,899 | INFO | HTTP Request: POST https://api.telegram.org/bot8782666061:AAHh0Fo2Q3XPaJJK7ijuuQSECkoTlcmMbls/getUpdates "HTTP/1.1 200 OK"
2026-04-13 01:54:03,107 | INFO | HTTP Request: POST https://api.telegram.org/bot8782666061:AAHh0Fo2Q3XPaJJK7ijuuQSECkoTlcmMbls/getUpdates "HTTP/1.1 200 OK"
2026-04-13 01:54:13,326 | INFO | HTTP Request: POST https://api.telegram.org/bot8782666061:AAHh0Fo2Q3XPaJJK7ijuuQSECkoTlcmMbls/getUpdates "HTTP/1.1 200 OK"
2026-04-13 01:54:23,538 | INFO | HTTP Request: POST https://api.telegram.org/bot8782666061:AAHh0Fo2Q3XPaJJK7ijuuQSECkoTlcmMbls/getUpdates "HTTP/1.1 200 OK"
2026-04-13 01:54:33,788 | INFO | HTTP Request: POST https://api.telegram.org/bot8782666061:AAHh0Fo2Q3XPaJJK7ijuuQSECkoTlcmMbls/getUpdates "HTTP/1.1 200 OK"
2026-04-13 01:54:43,988 | INFO | HTTP Request: POST https://api.telegram.org/bot8782666061:AAHh0Fo2Q3XPaJJK7ijuuQSECkoTlcmMbls/getUpdates "HTTP/1.1 200 OK"
2026-04-13 01:54:54,467 | INFO | HTTP Request: POST https://api.telegram.org/bot8782666061:AAHh0Fo2Q3XPaJJK7ijuuQSECkoTlcmMbls/getUpdates "HTTP/1.1 200 OK"
2026-04-13 01:55:04,671 | INFO | HTTP Request: POST https://api.telegram.org/bot8782666061:AAHh0Fo2Q3XPaJJK7ijuuQSECkoTlcmMbls/getUpdates "HTTP/1.1 200 OK"
2026-04-13 01:55:14,874 | INFO | HTTP Request: POST https://api.telegram.org/bot8782666061:AAHh0Fo2Q3XPaJJK7ijuuQSECkoTlcmMbls/getUpdates "HTTP/1.1 200 OK"
2026-04-13 01:55:25,068 | INFO | HTTP Request: POST https://api.telegram.org/bot8782666061:AAHh0Fo2Q3XPaJJK7ijuuQSECkoTlcmMbls/getUpdates "HTTP/1.1 200 OK"
2026-04-13 01:55:35,272 | INFO | HTTP Request: POST https://api.telegram.org/bot8782666061:AAHh0Fo2Q3XPaJJK7ijuuQSECkoTlcmMbls/getUpdates "HTTP/1.1 200 OK"
2026-04-13 01:55:45,470 | INFO | HTTP Request: POST https://api.telegram.org/bot8782666061:AAHh0Fo2Q3XPaJJK7ijuuQSECkoTlcmMbls/getUpdates "HTTP/1.1 200 OK"
2026-04-13 01:55:55,697 | INFO | HTTP Request: POST https://api.telegram.org/bot8782666061:AAHh0Fo2Q3XPaJJK7ijuuQSECkoTlcmMbls/getUpdates "HTTP/1.1 200 OK"
2026-04-13 01:56:05,909 | INFO | HTTP Request: POST https://api.telegram.org/bot8782666061:AAHh0Fo2Q3XPaJJK7ijuuQSECkoTlcmMbls/getUpdates "HTTP/1.1 200 OK"
2026-04-13 01:56:16,121 | INFO | HTTP Request: POST https://api.telegram.org/bot8782666061:AAHh0Fo2Q3XPaJJK7ijuuQSECkoTlcmMbls/getUpdates "HTTP/1.1 200 OK"
2026-04-13 01:56:26,333 | INFO | HTTP Request: POST https://api.telegram.org/bot8782666061:AAHh0Fo2Q3XPaJJK7ijuuQSECkoTlcmMbls/getUpdates "HTTP/1.1 200 OK"
2026-04-13 01:56:37,340 | INFO | HTTP Request: POST https://api.telegram.org/bot8782666061:AAHh0Fo2Q3XPaJJK7ijuuQSECkoTlcmMbls/getUpdates "HTTP/1.1 200 OK"
2026-04-13 01:56:47,532 | INFO | HTTP Request: POST https://api.telegram.org/bot8782666061:AAHh0Fo2Q3XPaJJK7ijuuQSECkoTlcmMbls/getUpdates "HTTP/1.1 200 OK"
2026-04-13 01:56:57,743 | INFO | HTTP Request: POST https://api.telegram.org/bot8782666061:AAHh0Fo2Q3XPaJJK7ijuuQSECkoTlcmMbls/getUpdates "HTTP/1.1 200 OK"
2026-04-13 01:57:07,949 | INFO | HTTP Request: POST https://api.telegram.org/bot8782666061:AAHh0Fo2Q3XPaJJK7ijuuQSECkoTlcmMbls/getUpdates "HTTP/1.1 200 OK"
2026-04-13 01:57:18,149 | INFO | HTTP Request: POST https://api.telegram.org/bot8782666061:AAHh0Fo2Q3XPaJJK7ijuuQSECkoTlcmMbls/getUpdates "HTTP/1.1 200 OK"
2026-04-13 01:57:28,342 | INFO | HTTP Request: POST https://api.telegram.org/bot8782666061:AAHh0Fo2Q3XPaJJK7ijuuQSECkoTlcmMbls/getUpdates "HTTP/1.1 200 OK"
2026-04-13 01:57:38,539 | INFO | HTTP Request: POST https://api.telegram.org/bot8782666061:AAHh0Fo2Q3XPaJJK7ijuuQSECkoTlcmMbls/getUpdates "HTTP/1.1 200 OK"
2026-04-13 01:57:48,741 | INFO | HTTP Request: POST https://api.telegram.org/bot8782666061:AAHh0Fo2Q3XPaJJK7ijuuQSECkoTlcmMbls/getUpdates "HTTP/1.1 200 OK"
2026-04-13 01:57:58,946 | INFO | HTTP Request: POST https://api.telegram.org/bot8782666061:AAHh0Fo2Q3XPaJJK7ijuuQSECkoTlcmMbls/getUpdates "HTTP/1.1 200 OK"
2026-04-13 01:58:09,146 | INFO | HTTP Request: POST https://api.telegram.org/bot8782666061:AAHh0Fo2Q3XPaJJK7ijuuQSECkoTlcmMbls/getUpdates "HTTP/1.1 200 OK"
2026-04-13 01:58:19,339 | INFO | HTTP Request: POST https://api.telegram.org/bot8782666061:AAHh0Fo2Q3XPaJJK7ijuuQSECkoTlcmMbls/getUpdates "HTTP/1.1 200 OK"
2026-04-13 01:58:29,540 | INFO | HTTP Request: POST https://api.telegram.org/bot8782666061:AAHh0Fo2Q3XPaJJK7ijuuQSECkoTlcmMbls/getUpdates "HTTP/1.1 200 OK"
2026-04-13 01:58:39,746 | INFO | HTTP Request: POST https://api.telegram.org/bot8782666061:AAHh0Fo2Q3XPaJJK7ijuuQSECkoTlcmMbls/getUpdates "HTTP/1.1 200 OK"
2026-04-13 01:58:49,957 | INFO | HTTP Request: POST https://api.telegram.org/bot8782666061:AAHh0Fo2Q3XPaJJK7ijuuQSECkoTlcmMbls/getUpdates "HTTP/1.1 200 OK"
2026-04-13 01:59:00,277 | INFO | HTTP Request: POST https://api.telegram.org/bot8782666061:AAHh0Fo2Q3XPaJJK7ijuuQSECkoTlcmMbls/getUpdates "HTTP/1.1 200 OK"
2026-04-13 01:59:10,485 | INFO | HTTP Request: POST https://api.telegram.org/bot8782666061:AAHh0Fo2Q3XPaJJK7ijuuQSECkoTlcmMbls/getUpdates "HTTP/1.1 200 OK"
2026-04-13 01:59:20,680 | INFO | HTTP Request: POST https://api.telegram.org/bot8782666061:AAHh0Fo2Q3XPaJJK7ijuuQSECkoTlcmMbls/getUpdates "HTTP/1.1 200 OK"
2026-04-13 01:59:30,867 | INFO | HTTP Request: POST https://api.telegram.org/bot8782666061:AAHh0Fo2Q3XPaJJK7ijuuQSECkoTlcmMbls/getUpdates "HTTP/1.1 200 OK"
2026-04-13 01:59:41,062 | INFO | HTTP Request: POST https://api.telegram.org/bot8782666061:AAHh0Fo2Q3XPaJJK7ijuuQSECkoTlcmMbls/getUpdates "HTTP/1.1 200 OK"
2026-04-13 01:59:51,300 | INFO | HTTP Request: POST https://api.telegram.org/bot8782666061:AAHh0Fo2Q3XPaJJK7ijuuQSECkoTlcmMbls/getUpdates "HTTP/1.1 200 OK"
2026-04-13 02:00:01,504 | INFO | HTTP Request: POST https://api.telegram.org/bot8782666061:AAHh0Fo2Q3XPaJJK7ijuuQSECkoTlcmMbls/getUpdates "HTTP/1.1 200 OK"
2026-04-13 02:00:11,697 | INFO | HTTP Request: POST https://api.telegram.org/bot8782666061:AAHh0Fo2Q3XPaJJK7ijuuQSECkoTlcmMbls/getUpdates "HTTP/1.1 200 OK"
2026-04-13 02:00:21,915 | INFO | HTTP Request: POST https://api.telegram.org/bot8782666061:AAHh0Fo2Q3XPaJJK7ijuuQSECkoTlcmMbls/getUpdates "HTTP/1.1 200 OK"
2026-04-13 02:00:32,137 | INFO | HTTP Request: POST https://api.telegram.org/bot8782666061:AAHh0Fo2Q3XPaJJK7ijuuQSECkoTlcmMbls/getUpdates "HTTP/1.1 200 OK"
2026-04-13 02:00:42,325 | INFO | HTTP Request: POST https://api.telegram.org/bot8782666061:AAHh0Fo2Q3XPaJJK7ijuuQSECkoTlcmMbls/getUpdates "HTTP/1.1 200 OK"
2026-04-13 02:00:52,544 | INFO | HTTP Request: POST https://api.telegram.org/bot8782666061:AAHh0Fo2Q3XPaJJK7ijuuQSECkoTlcmMbls/getUpdates "HTTP/1.1 200 OK"
2026-04-13 02:01:02,752 | INFO | HTTP Request: POST https://api.telegram.org/bot8782666061:AAHh0Fo2Q3XPaJJK7ijuuQSECkoTlcmMbls/getUpdates "HTTP/1.1 200 OK"
2026-04-13 02:01:12,940 | INFO | HTTP Request: POST https://api.telegram.org/bot8782666061:AAHh0Fo2Q3XPaJJK7ijuuQSECkoTlcmMbls/getUpdates "HTTP/1.1 200 OK"
2026-04-13 02:01:23,141 | INFO | HTTP Request: POST https://api.telegram.org/bot8782666061:AAHh0Fo2Q3XPaJJK7ijuuQSECkoTlcmMbls/getUpdates "HTTP/1.1 200 OK"
2026-04-13 02:01:33,781 | INFO | HTTP Request: POST https://api.telegram.org/bot8782666061:AAHh0Fo2Q3XPaJJK7ijuuQSECkoTlcmMbls/getUpdates "HTTP/1.1 200 OK"
2026-04-13 02:01:43,993 | INFO | HTTP Request: POST https://api.telegram.org/bot8782666061:AAHh0Fo2Q3XPaJJK7ijuuQSECkoTlcmMbls/getUpdates "HTTP/1.1 200 OK"
2026-04-13 02:01:54,198 | INFO | HTTP Request: POST https://api.telegram.org/bot8782666061:AAHh0Fo2Q3XPaJJK7ijuuQSECkoTlcmMbls/getUpdates "HTTP/1.1 200 OK"
2026-04-13 02:02:04,405 | INFO | HTTP Request: POST https://api.telegram.org/bot8782666061:AAHh0Fo2Q3XPaJJK7ijuuQSECkoTlcmMbls/getUpdates "HTTP/1.1 200 OK"
2026-04-13 02:02:14,602 | INFO | HTTP Request: POST https://api.telegram.org/bot8782666061:AAHh0Fo2Q3XPaJJK7ijuuQSECkoTlcmMbls/getUpdates "HTTP/1.1 200 OK"
2026-04-13 02:02:24,800 | INFO | HTTP Request: POST https://api.telegram.org/bot8782666061:AAHh0Fo2Q3XPaJJK7ijuuQSECkoTlcmMbls/getUpdates "HTTP/1.1 200 OK"
2026-04-13 02:02:34,996 | INFO | HTTP Request: POST https://api.telegram.org/bot8782666061:AAHh0Fo2Q3XPaJJK7ijuuQSECkoTlcmMbls/getUpdates "HTTP/1.1 200 OK"
2026-04-13 02:02:45,203 | INFO | HTTP Request: POST https://api.telegram.org/bot8782666061:AAHh0Fo2Q3XPaJJK7ijuuQSECkoTlcmMbls/getUpdates "HTTP/1.1 200 OK"
2026-04-13 02:02:55,387 | INFO | HTTP Request: POST https://api.telegram.org/bot8782666061:AAHh0Fo2Q3XPaJJK7ijuuQSECkoTlcmMbls/getUpdates "HTTP/1.1 200 OK"
2026-04-13 02:03:05,587 | INFO | HTTP Request: POST https://api.telegram.org/bot8782666061:AAHh0Fo2Q3XPaJJK7ijuuQSECkoTlcmMbls/getUpdates "HTTP/1.1 200 OK"
2026-04-13 02:03:15,790 | INFO | HTTP Request: POST https://api.telegram.org/bot8782666061:AAHh0Fo2Q3XPaJJK7ijuuQSECkoTlcmMbls/getUpdates "HTTP/1.1 200 OK"
2026-04-13 02:03:25,996 | INFO | HTTP Request: POST https://api.telegram.org/bot8782666061:AAHh0Fo2Q3XPaJJK7ijuuQSECkoTlcmMbls/getUpdates "HTTP/1.1 200 OK"
2026-04-13 02:03:36,217 | INFO | HTTP Request: POST https://api.telegram.org/bot8782666061:AAHh0Fo2Q3XPaJJK7ijuuQSECkoTlcmMbls/getUpdates "HTTP/1.1 200 OK"
2026-04-13 02:03:46,417 | INFO | HTTP Request: POST https://api.telegram.org/bot8782666061:AAHh0Fo2Q3XPaJJK7ijuuQSECkoTlcmMbls/getUpdates "HTTP/1.1 200 OK"
2026-04-13 02:03:56,603 | INFO | HTTP Request: POST https://api.telegram.org/bot8782666061:AAHh0Fo2Q3XPaJJK7ijuuQSECkoTlcmMbls/getUpdates "HTTP/1.1 200 OK"
2026-04-13 02:04:06,799 | INFO | HTTP Request: POST https://api.telegram.org/bot8782666061:AAHh0Fo2Q3XPaJJK7ijuuQSECkoTlcmMbls/getUpdates "HTTP/1.1 200 OK"
2026-04-13 02:04:16,999 | INFO | HTTP Request: POST https://api.telegram.org/bot8782666061:AAHh0Fo2Q3XPaJJK7ijuuQSECkoTlcmMbls/getUpdates "HTTP/1.1 200 OK"
2026-04-13 02:04:27,221 | INFO | HTTP Request: POST https://api.telegram.org/bot8782666061:AAHh0Fo2Q3XPaJJK7ijuuQSECkoTlcmMbls/getUpdates "HTTP/1.1 200 OK"
2026-04-13 02:04:37,428 | INFO | HTTP Request: POST https://api.telegram.org/bot8782666061:AAHh0Fo2Q3XPaJJK7ijuuQSECkoTlcmMbls/getUpdates "HTTP/1.1 200 OK"
2026-04-13 02:04:47,661 | INFO | HTTP Request: POST https://api.telegram.org/bot8782666061:AAHh0Fo2Q3XPaJJK7ijuuQSECkoTlcmMbls/getUpdates "HTTP/1.1 200 OK"
2026-04-13 02:04:57,884 | INFO | HTTP Request: POST https://api.telegram.org/bot8782666061:AAHh0Fo2Q3XPaJJK7ijuuQSECkoTlcmMbls/getUpdates "HTTP/1.1 200 OK"
2026-04-13 02:05:08,152 | INFO | HTTP Request: POST https://api.telegram.org/bot8782666061:AAHh0Fo2Q3XPaJJK7ijuuQSECkoTlcmMbls/getUpdates "HTTP/1.1 200 OK"
2026-04-13 02:05:18,380 | INFO | HTTP Request: POST https://api.telegram.org/bot8782666061:AAHh0Fo2Q3XPaJJK7ijuuQSECkoTlcmMbls/getUpdates "HTTP/1.1 200 OK"
2026-04-13 02:05:28,582 | INFO | HTTP Request: POST https://api.telegram.org/bot8782666061:AAHh0Fo2Q3XPaJJK7ijuuQSECkoTlcmMbls/getUpdates "HTTP/1.1 200 OK"
2026-04-13 02:05:38,783 | INFO | HTTP Request: POST https://api.telegram.org/bot8782666061:AAHh0Fo2Q3XPaJJK7ijuuQSECkoTlcmMbls/getUpdates "HTTP/1.1 200 OK"
2026-04-13 02:05:48,991 | INFO | HTTP Request: POST https://api.telegram.org/bot8782666061:AAHh0Fo2Q3XPaJJK7ijuuQSECkoTlcmMbls/getUpdates "HTTP/1.1 200 OK"
2026-04-13 02:05:59,192 | INFO | HTTP Request: POST https://api.telegram.org/bot8782666061:AAHh0Fo2Q3XPaJJK7ijuuQSECkoTlcmMbls/getUpdates "HTTP/1.1 200 OK"
2026-04-13 02:06:09,396 | INFO | HTTP Request: POST https://api.telegram.org/bot8782666061:AAHh0Fo2Q3XPaJJK7ijuuQSECkoTlcmMbls/getUpdates "HTTP/1.1 200 OK"
2026-04-13 02:06:19,662 | INFO | HTTP Request: POST https://api.telegram.org/bot8782666061:AAHh0Fo2Q3XPaJJK7ijuuQSECkoTlcmMbls/getUpdates "HTTP/1.1 200 OK"
2026-04-13 02:06:29,874 | INFO | HTTP Request: POST https://api.telegram.org/bot8782666061:AAHh0Fo2Q3XPaJJK7ijuuQSECkoTlcmMbls/getUpdates "HTTP/1.1 200 OK"
2026-04-13 02:06:40,115 | INFO | HTTP Request: POST https://api.telegram.org/bot8782666061:AAHh0Fo2Q3XPaJJK7ijuuQSECkoTlcmMbls/getUpdates "HTTP/1.1 200 OK"
2026-04-13 02:06:50,673 | INFO | HTTP Request: POST https://api.telegram.org/bot8782666061:AAHh0Fo2Q3XPaJJK7ijuuQSECkoTlcmMbls/getUpdates "HTTP/1.1 200 OK"
2026-04-13 02:07:01,550 | INFO | HTTP Request: POST https://api.telegram.org/bot8782666061:AAHh0Fo2Q3XPaJJK7ijuuQSECkoTlcmMbls/getUpdates "HTTP/1.1 200 OK"
2026-04-13 02:07:11,744 | INFO | HTTP Request: POST https://api.telegram.org/bot8782666061:AAHh0Fo2Q3XPaJJK7ijuuQSECkoTlcmMbls/getUpdates "HTTP/1.1 200 OK"
2026-04-13 02:07:21,929 | INFO | HTTP Request: POST https://api.telegram.org/bot8782666061:AAHh0Fo2Q3XPaJJK7ijuuQSECkoTlcmMbls/getUpdates "HTTP/1.1 200 OK"
2026-04-13 02:07:32,170 | INFO | HTTP Request: POST https://api.telegram.org/bot8782666061:AAHh0Fo2Q3XPaJJK7ijuuQSECkoTlcmMbls/getUpdates "HTTP/1.1 200 OK"
2026-04-13 02:07:42,605 | INFO | HTTP Request: POST https://api.telegram.org/bot8782666061:AAHh0Fo2Q3XPaJJK7ijuuQSECkoTlcmMbls/getUpdates "HTTP/1.1 200 OK"
2026-04-13 02:07:52,797 | INFO | HTTP Request: POST https://api.telegram.org/bot8782666061:AAHh0Fo2Q3XPaJJK7ijuuQSECkoTlcmMbls/getUpdates "HTTP/1.1 200 OK"
2026-04-13 02:08:03,007 | INFO | HTTP Request: POST https://api.telegram.org/bot8782666061:AAHh0Fo2Q3XPaJJK7ijuuQSECkoTlcmMbls/getUpdates "HTTP/1.1 200 OK"
2026-04-13 02:08:13,204 | INFO | HTTP Request: POST https://api.telegram.org/bot8782666061:AAHh0Fo2Q3XPaJJK7ijuuQSECkoTlcmMbls/getUpdates "HTTP/1.1 200 OK"
2026-04-13 02:08:23,402 | INFO | HTTP Request: POST https://api.telegram.org/bot8782666061:AAHh0Fo2Q3XPaJJK7ijuuQSECkoTlcmMbls/getUpdates "HTTP/1.1 200 OK"
2026-04-13 02:08:33,681 | INFO | HTTP Request: POST https://api.telegram.org/bot8782666061:AAHh0Fo2Q3XPaJJK7ijuuQSECkoTlcmMbls/getUpdates "HTTP/1.1 200 OK"
2026-04-13 02:08:43,884 | INFO | HTTP Request: POST https://api.telegram.org/bot8782666061:AAHh0Fo2Q3XPaJJK7ijuuQSECkoTlcmMbls/getUpdates "HTTP/1.1 200 OK"
2026-04-13 02:08:54,134 | INFO | HTTP Request: POST https://api.telegram.org/bot8782666061:AAHh0Fo2Q3XPaJJK7ijuuQSECkoTlcmMbls/getUpdates "HTTP/1.1 200 OK"
2026-04-13 02:09:04,326 | INFO | HTTP Request: POST https://api.telegram.org/bot8782666061:AAHh0Fo2Q3XPaJJK7ijuuQSECkoTlcmMbls/getUpdates "HTTP/1.1 200 OK"
2026-04-13 02:09:14,525 | INFO | HTTP Request: POST https://api.telegram.org/bot8782666061:AAHh0Fo2Q3XPaJJK7ijuuQSECkoTlcmMbls/getUpdates "HTTP/1.1 200 OK"
2026-04-13 02:09:24,723 | INFO | HTTP Request: POST https://api.telegram.org/bot8782666061:AAHh0Fo2Q3XPaJJK7ijuuQSECkoTlcmMbls/getUpdates "HTTP/1.1 200 OK"
2026-04-13 02:09:34,924 | INFO | HTTP Request: POST https://api.telegram.org/bot8782666061:AAHh0Fo2Q3XPaJJK7ijuuQSECkoTlcmMbls/getUpdates "HTTP/1.1 200 OK"
2026-04-13 02:09:45,126 | INFO | HTTP Request: POST https://api.telegram.org/bot8782666061:AAHh0Fo2Q3XPaJJK7ijuuQSECkoTlcmMbls/getUpdates "HTTP/1.1 200 OK"
2026-04-13 02:09:55,330 | INFO | HTTP Request: POST https://api.telegram.org/bot8782666061:AAHh0Fo2Q3XPaJJK7ijuuQSECkoTlcmMbls/getUpdates "HTTP/1.1 200 OK"
2026-04-13 02:10:05,538 | INFO | HTTP Request: POST https://api.telegram.org/bot8782666061:AAHh0Fo2Q3XPaJJK7ijuuQSECkoTlcmMbls/getUpdates "HTTP/1.1 200 OK"
2026-04-13 02:10:15,742 | INFO | HTTP Request: POST https://api.telegram.org/bot8782666061:AAHh0Fo2Q3XPaJJK7ijuuQSECkoTlcmMbls/getUpdates "HTTP/1.1 200 OK"
2026-04-13 02:10:25,966 | INFO | HTTP Request: POST https://api.telegram.org/bot8782666061:AAHh0Fo2Q3XPaJJK7ijuuQSECkoTlcmMbls/getUpdates "HTTP/1.1 200 OK"
2026-04-13 02:10:36,160 | INFO | HTTP Request: POST https://api.telegram.org/bot8782666061:AAHh0Fo2Q3XPaJJK7ijuuQSECkoTlcmMbls/getUpdates "HTTP/1.1 200 OK"
2026-04-13 02:10:46,361 | INFO | HTTP Request: POST https://api.telegram.org/bot8782666061:AAHh0Fo2Q3XPaJJK7ijuuQSECkoTlcmMbls/getUpdates "HTTP/1.1 200 OK"
2026-04-13 02:10:56,658 | INFO | HTTP Request: POST https://api.telegram.org/bot8782666061:AAHh0Fo2Q3XPaJJK7ijuuQSECkoTlcmMbls/getUpdates "HTTP/1.1 200 OK"
2026-04-13 02:11:06,867 | INFO | HTTP Request: POST https://api.telegram.org/bot8782666061:AAHh0Fo2Q3XPaJJK7ijuuQSECkoTlcmMbls/getUpdates "HTTP/1.1 200 OK"
2026-04-13 02:11:17,057 | INFO | HTTP Request: POST https://api.telegram.org/bot8782666061:AAHh0Fo2Q3XPaJJK7ijuuQSECkoTlcmMbls/getUpdates "HTTP/1.1 200 OK"
2026-04-13 02:11:27,258 | INFO | HTTP Request: POST https://api.telegram.org/bot8782666061:AAHh0Fo2Q3XPaJJK7ijuuQSECkoTlcmMbls/getUpdates "HTTP/1.1 200 OK"
2026-04-13 02:11:37,459 | INFO | HTTP Request: POST https://api.telegram.org/bot8782666061:AAHh0Fo2Q3XPaJJK7ijuuQSECkoTlcmMbls/getUpdates "HTTP/1.1 200 OK"
2026-04-13 02:11:47,670 | INFO | HTTP Request: POST https://api.telegram.org/bot8782666061:AAHh0Fo2Q3XPaJJK7ijuuQSECkoTlcmMbls/getUpdates "HTTP/1.1 200 OK"
2026-04-13 02:11:57,873 | INFO | HTTP Request: POST https://api.telegram.org/bot8782666061:AAHh0Fo2Q3XPaJJK7ijuuQSECkoTlcmMbls/getUpdates "HTTP/1.1 200 OK"
2026-04-13 02:12:08,076 | INFO | HTTP Request: POST https://api.telegram.org/bot8782666061:AAHh0Fo2Q3XPaJJK7ijuuQSECkoTlcmMbls/getUpdates "HTTP/1.1 200 OK"
2026-04-13 02:12:18,288 | INFO | HTTP Request: POST https://api.telegram.org/bot8782666061:AAHh0Fo2Q3XPaJJK7ijuuQSECkoTlcmMbls/getUpdates "HTTP/1.1 200 OK"
2026-04-13 02:12:28,474 | INFO | HTTP Request: POST https://api.telegram.org/bot8782666061:AAHh0Fo2Q3XPaJJK7ijuuQSECkoTlcmMbls/getUpdates "HTTP/1.1 200 OK"
2026-04-13 02:12:38,662 | INFO | HTTP Request: POST https://api.telegram.org/bot8782666061:AAHh0Fo2Q3XPaJJK7ijuuQSECkoTlcmMbls/getUpdates "HTTP/1.1 200 OK"
2026-04-13 02:12:48,862 | INFO | HTTP Request: POST https://api.telegram.org/bot8782666061:AAHh0Fo2Q3XPaJJK7ijuuQSECkoTlcmMbls/getUpdates "HTTP/1.1 200 OK"
2026-04-13 02:12:59,066 | INFO | HTTP Request: POST https://api.telegram.org/bot8782666061:AAHh0Fo2Q3XPaJJK7ijuuQSECkoTlcmMbls/getUpdates "HTTP/1.1 200 OK"
2026-04-13 02:13:09,264 | INFO | HTTP Request: POST https://api.telegram.org/bot8782666061:AAHh0Fo2Q3XPaJJK7ijuuQSECkoTlcmMbls/getUpdates "HTTP/1.1 200 OK"
2026-04-13 02:13:19,466 | INFO | HTTP Request: POST https://api.telegram.org/bot8782666061:AAHh0Fo2Q3XPaJJK7ijuuQSECkoTlcmMbls/getUpdates "HTTP/1.1 200 OK"
2026-04-13 02:13:29,665 | INFO | HTTP Request: POST https://api.telegram.org/bot8782666061:AAHh0Fo2Q3XPaJJK7ijuuQSECkoTlcmMbls/getUpdates "HTTP/1.1 200 OK"
2026-04-13 02:13:39,866 | INFO | HTTP Request: POST https://api.telegram.org/bot8782666061:AAHh0Fo2Q3XPaJJK7ijuuQSECkoTlcmMbls/getUpdates "HTTP/1.1 200 OK"
2026-04-13 02:13:50,071 | INFO | HTTP Request: POST https://api.telegram.org/bot8782666061:AAHh0Fo2Q3XPaJJK7ijuuQSECkoTlcmMbls/getUpdates "HTTP/1.1 200 OK"
2026-04-13 02:14:00,279 | INFO | HTTP Request: POST https://api.telegram.org/bot8782666061:AAHh0Fo2Q3XPaJJK7ijuuQSECkoTlcmMbls/getUpdates "HTTP/1.1 200 OK"
2026-04-13 02:14:10,475 | INFO | HTTP Request: POST https://api.telegram.org/bot8782666061:AAHh0Fo2Q3XPaJJK7ijuuQSECkoTlcmMbls/getUpdates "HTTP/1.1 200 OK"
2026-04-13 02:14:20,668 | INFO | HTTP Request: POST https://api.telegram.org/bot8782666061:AAHh0Fo2Q3XPaJJK7ijuuQSECkoTlcmMbls/getUpdates "HTTP/1.1 200 OK"
2026-04-13 02:14:30,868 | INFO | HTTP Request: POST https://api.telegram.org/bot8782666061:AAHh0Fo2Q3XPaJJK7ijuuQSECkoTlcmMbls/getUpdates "HTTP/1.1 200 OK"
2026-04-13 02:14:41,071 | INFO | HTTP Request: POST https://api.telegram.org/bot8782666061:AAHh0Fo2Q3XPaJJK7ijuuQSECkoTlcmMbls/getUpdates "HTTP/1.1 200 OK"
2026-04-13 02:14:51,258 | INFO | HTTP Request: POST https://api.telegram.org/bot8782666061:AAHh0Fo2Q3XPaJJK7ijuuQSECkoTlcmMbls/getUpdates "HTTP/1.1 200 OK"
2026-04-13 02:15:01,473 | INFO | HTTP Request: POST https://api.telegram.org/bot8782666061:AAHh0Fo2Q3XPaJJK7ijuuQSECkoTlcmMbls/getUpdates "HTTP/1.1 200 OK"
2026-04-13 02:15:11,693 | INFO | HTTP Request: POST https://api.telegram.org/bot8782666061:AAHh0Fo2Q3XPaJJK7ijuuQSECkoTlcmMbls/getUpdates "HTTP/1.1 200 OK"
2026-04-13 02:15:21,876 | INFO | HTTP Request: POST https://api.telegram.org/bot8782666061:AAHh0Fo2Q3XPaJJK7ijuuQSECkoTlcmMbls/getUpdates "HTTP/1.1 200 OK"
2026-04-13 02:15:32,087 | INFO | HTTP Request: POST https://api.telegram.org/bot8782666061:AAHh0Fo2Q3XPaJJK7ijuuQSECkoTlcmMbls/getUpdates "HTTP/1.1 200 OK"
2026-04-13 02:15:42,294 | INFO | HTTP Request: POST https://api.telegram.org/bot8782666061:AAHh0Fo2Q3XPaJJK7ijuuQSECkoTlcmMbls/getUpdates "HTTP/1.1 200 OK"
2026-04-13 02:15:52,490 | INFO | HTTP Request: POST https://api.telegram.org/bot8782666061:AAHh0Fo2Q3XPaJJK7ijuuQSECkoTlcmMbls/getUpdates "HTTP/1.1 200 OK"
2026-04-13 02:16:02,704 | INFO | HTTP Request: POST https://api.telegram.org/bot8782666061:AAHh0Fo2Q3XPaJJK7ijuuQSECkoTlcmMbls/getUpdates "HTTP/1.1 200 OK"
2026-04-13 02:16:12,911 | INFO | HTTP Request: POST https://api.telegram.org/bot8782666061:AAHh0Fo2Q3XPaJJK7ijuuQSECkoTlcmMbls/getUpdates "HTTP/1.1 200 OK"
2026-04-13 02:16:23,113 | INFO | HTTP Request: POST https://api.telegram.org/bot8782666061:AAHh0Fo2Q3XPaJJK7ijuuQSECkoTlcmMbls/getUpdates "HTTP/1.1 200 OK"
2026-04-13 02:16:33,327 | INFO | HTTP Request: POST https://api.telegram.org/bot8782666061:AAHh0Fo2Q3XPaJJK7ijuuQSECkoTlcmMbls/getUpdates "HTTP/1.1 200 OK"
2026-04-13 02:16:43,520 | INFO | HTTP Request: POST https://api.telegram.org/bot8782666061:AAHh0Fo2Q3XPaJJK7ijuuQSECkoTlcmMbls/getUpdates "HTTP/1.1 200 OK"
2026-04-13 02:16:53,704 | INFO | HTTP Request: POST https://api.telegram.org/bot8782666061:AAHh0Fo2Q3XPaJJK7ijuuQSECkoTlcmMbls/getUpdates "HTTP/1.1 200 OK"
2026-04-13 02:17:03,903 | INFO | HTTP Request: POST https://api.telegram.org/bot8782666061:AAHh0Fo2Q3XPaJJK7ijuuQSECkoTlcmMbls/getUpdates "HTTP/1.1 200 OK"
2026-04-13 02:17:14,091 | INFO | HTTP Request: POST https://api.telegram.org/bot8782666061:AAHh0Fo2Q3XPaJJK7ijuuQSECkoTlcmMbls/getUpdates "HTTP/1.1 200 OK"
2026-04-13 02:17:24,287 | INFO | HTTP Request: POST https://api.telegram.org/bot8782666061:AAHh0Fo2Q3XPaJJK7ijuuQSECkoTlcmMbls/getUpdates "HTTP/1.1 200 OK"
2026-04-13 02:17:34,511 | INFO | HTTP Request: POST https://api.telegram.org/bot8782666061:AAHh0Fo2Q3XPaJJK7ijuuQSECkoTlcmMbls/getUpdates "HTTP/1.1 200 OK"
2026-04-13 02:17:44,713 | INFO | HTTP Request: POST https://api.telegram.org/bot8782666061:AAHh0Fo2Q3XPaJJK7ijuuQSECkoTlcmMbls/getUpdates "HTTP/1.1 200 OK"
2026-04-13 02:17:54,914 | INFO | HTTP Request: POST https://api.telegram.org/bot8782666061:AAHh0Fo2Q3XPaJJK7ijuuQSECkoTlcmMbls/getUpdates "HTTP/1.1 200 OK"
2026-04-13 02:18:05,123 | INFO | HTTP Request: POST https://api.telegram.org/bot8782666061:AAHh0Fo2Q3XPaJJK7ijuuQSECkoTlcmMbls/getUpdates "HTTP/1.1 200 OK"
2026-04-13 02:18:15,335 | INFO | HTTP Request: POST https://api.telegram.org/bot8782666061:AAHh0Fo2Q3XPaJJK7ijuuQSECkoTlcmMbls/getUpdates "HTTP/1.1 200 OK"
2026-04-13 02:18:25,534 | INFO | HTTP Request: POST https://api.telegram.org/bot8782666061:AAHh0Fo2Q3XPaJJK7ijuuQSECkoTlcmMbls/getUpdates "HTTP/1.1 200 OK"
2026-04-13 02:18:36,194 | INFO | HTTP Request: POST https://api.telegram.org/bot8782666061:AAHh0Fo2Q3XPaJJK7ijuuQSECkoTlcmMbls/getUpdates "HTTP/1.1 200 OK"
2026-04-13 02:18:46,384 | INFO | HTTP Request: POST https://api.telegram.org/bot8782666061:AAHh0Fo2Q3XPaJJK7ijuuQSECkoTlcmMbls/getUpdates "HTTP/1.1 200 OK"
2026-04-13 02:18:56,596 | INFO | HTTP Request: POST https://api.telegram.org/bot8782666061:AAHh0Fo2Q3XPaJJK7ijuuQSECkoTlcmMbls/getUpdates "HTTP/1.1 200 OK"
2026-04-13 02:19:06,800 | INFO | HTTP Request: POST https://api.telegram.org/bot8782666061:AAHh0Fo2Q3XPaJJK7ijuuQSECkoTlcmMbls/getUpdates "HTTP/1.1 200 OK"
2026-04-13 02:19:16,991 | INFO | HTTP Request: POST https://api.telegram.org/bot8782666061:AAHh0Fo2Q3XPaJJK7ijuuQSECkoTlcmMbls/getUpdates "HTTP/1.1 200 OK"
2026-04-13 02:19:27,213 | INFO | HTTP Request: POST https://api.telegram.org/bot8782666061:AAHh0Fo2Q3XPaJJK7ijuuQSECkoTlcmMbls/getUpdates "HTTP/1.1 200 OK"
2026-04-13 02:19:37,411 | INFO | HTTP Request: POST https://api.telegram.org/bot8782666061:AAHh0Fo2Q3XPaJJK7ijuuQSECkoTlcmMbls/getUpdates "HTTP/1.1 200 OK"
2026-04-13 02:19:47,623 | INFO | HTTP Request: POST https://api.telegram.org/bot8782666061:AAHh0Fo2Q3XPaJJK7ijuuQSECkoTlcmMbls/getUpdates "HTTP/1.1 200 OK"
2026-04-13 02:19:57,818 | INFO | HTTP Request: POST https://api.telegram.org/bot8782666061:AAHh0Fo2Q3XPaJJK7ijuuQSECkoTlcmMbls/getUpdates "HTTP/1.1 200 OK"
2026-04-13 02:20:08,008 | INFO | HTTP Request: POST https://api.telegram.org/bot8782666061:AAHh0Fo2Q3XPaJJK7ijuuQSECkoTlcmMbls/getUpdates "HTTP/1.1 200 OK"
2026-04-13 02:20:18,197 | INFO | HTTP Request: POST https://api.telegram.org/bot8782666061:AAHh0Fo2Q3XPaJJK7ijuuQSECkoTlcmMbls/getUpdates "HTTP/1.1 200 OK"
2026-04-13 02:20:28,408 | INFO | HTTP Request: POST https://api.telegram.org/bot8782666061:AAHh0Fo2Q3XPaJJK7ijuuQSECkoTlcmMbls/getUpdates "HTTP/1.1 200 OK"
2026-04-13 02:20:38,605 | INFO | HTTP Request: POST https://api.telegram.org/bot8782666061:AAHh0Fo2Q3XPaJJK7ijuuQSECkoTlcmMbls/getUpdates "HTTP/1.1 200 OK"
2026-04-13 02:20:48,806 | INFO | HTTP Request: POST https://api.telegram.org/bot8782666061:AAHh0Fo2Q3XPaJJK7ijuuQSECkoTlcmMbls/getUpdates "HTTP/1.1 200 OK"
2026-04-13 02:20:59,027 | INFO | HTTP Request: POST https://api.telegram.org/bot8782666061:AAHh0Fo2Q3XPaJJK7ijuuQSECkoTlcmMbls/getUpdates "HTTP/1.1 200 OK"
2026-04-13 02:21:09,231 | INFO | HTTP Request: POST https://api.telegram.org/bot8782666061:AAHh0Fo2Q3XPaJJK7ijuuQSECkoTlcmMbls/getUpdates "HTTP/1.1 200 OK"
2026-04-13 02:21:19,433 | INFO | HTTP Request: POST https://api.telegram.org/bot8782666061:AAHh0Fo2Q3XPaJJK7ijuuQSECkoTlcmMbls/getUpdates "HTTP/1.1 200 OK"
2026-04-13 02:21:29,635 | INFO | HTTP Request: POST https://api.telegram.org/bot8782666061:AAHh0Fo2Q3XPaJJK7ijuuQSECkoTlcmMbls/getUpdates "HTTP/1.1 200 OK"
2026-04-13 02:21:39,850 | INFO | HTTP Request: POST https://api.telegram.org/bot8782666061:AAHh0Fo2Q3XPaJJK7ijuuQSECkoTlcmMbls/getUpdates "HTTP/1.1 200 OK"
2026-04-13 02:21:50,127 | INFO | HTTP Request: POST https://api.telegram.org/bot8782666061:AAHh0Fo2Q3XPaJJK7ijuuQSECkoTlcmMbls/getUpdates "HTTP/1.1 200 OK"
2026-04-13 02:22:00,335 | INFO | HTTP Request: POST https://api.telegram.org/bot8782666061:AAHh0Fo2Q3XPaJJK7ijuuQSECkoTlcmMbls/getUpdates "HTTP/1.1 200 OK"
2026-04-13 02:22:11,099 | INFO | HTTP Request: POST https://api.telegram.org/bot8782666061:AAHh0Fo2Q3XPaJJK7ijuuQSECkoTlcmMbls/getUpdates "HTTP/1.1 200 OK"
2026-04-13 02:22:21,299 | INFO | HTTP Request: POST https://api.telegram.org/bot8782666061:AAHh0Fo2Q3XPaJJK7ijuuQSECkoTlcmMbls/getUpdates "HTTP/1.1 200 OK"
2026-04-13 02:22:31,511 | INFO | HTTP Request: POST https://api.telegram.org/bot8782666061:AAHh0Fo2Q3XPaJJK7ijuuQSECkoTlcmMbls/getUpdates "HTTP/1.1 200 OK"
2026-04-13 02:22:41,727 | INFO | HTTP Request: POST https://api.telegram.org/bot8782666061:AAHh0Fo2Q3XPaJJK7ijuuQSECkoTlcmMbls/getUpdates "HTTP/1.1 200 OK"
2026-04-13 02:22:51,922 | INFO | HTTP Request: POST https://api.telegram.org/bot8782666061:AAHh0Fo2Q3XPaJJK7ijuuQSECkoTlcmMbls/getUpdates "HTTP/1.1 200 OK"
2026-04-13 02:23:02,131 | INFO | HTTP Request: POST https://api.telegram.org/bot8782666061:AAHh0Fo2Q3XPaJJK7ijuuQSECkoTlcmMbls/getUpdates "HTTP/1.1 200 OK"
2026-04-13 02:23:12,336 | INFO | HTTP Request: POST https://api.telegram.org/bot8782666061:AAHh0Fo2Q3XPaJJK7ijuuQSECkoTlcmMbls/getUpdates "HTTP/1.1 200 OK"
2026-04-13 02:23:22,546 | INFO | HTTP Request: POST https://api.telegram.org/bot8782666061:AAHh0Fo2Q3XPaJJK7ijuuQSECkoTlcmMbls/getUpdates "HTTP/1.1 200 OK"
2026-04-13 02:23:32,749 | INFO | HTTP Request: POST https://api.telegram.org/bot8782666061:AAHh0Fo2Q3XPaJJK7ijuuQSECkoTlcmMbls/getUpdates "HTTP/1.1 200 OK"
2026-04-13 02:23:42,962 | INFO | HTTP Request: POST https://api.telegram.org/bot8782666061:AAHh0Fo2Q3XPaJJK7ijuuQSECkoTlcmMbls/getUpdates "HTTP/1.1 200 OK"
2026-04-13 02:23:53,158 | INFO | HTTP Request: POST https://api.telegram.org/bot8782666061:AAHh0Fo2Q3XPaJJK7ijuuQSECkoTlcmMbls/getUpdates "HTTP/1.1 200 OK"
2026-04-13 02:24:03,377 | INFO | HTTP Request: POST https://api.telegram.org/bot8782666061:AAHh0Fo2Q3XPaJJK7ijuuQSECkoTlcmMbls/getUpdates "HTTP/1.1 200 OK"
2026-04-13 02:24:13,577 | INFO | HTTP Request: POST https://api.telegram.org/bot8782666061:AAHh0Fo2Q3XPaJJK7ijuuQSECkoTlcmMbls/getUpdates "HTTP/1.1 200 OK"
2026-04-13 02:24:23,777 | INFO | HTTP Request: POST https://api.telegram.org/bot8782666061:AAHh0Fo2Q3XPaJJK7ijuuQSECkoTlcmMbls/getUpdates "HTTP/1.1 200 OK"
2026-04-13 02:24:33,981 | INFO | HTTP Request: POST https://api.telegram.org/bot8782666061:AAHh0Fo2Q3XPaJJK7ijuuQSECkoTlcmMbls/getUpdates "HTTP/1.1 200 OK"
2026-04-13 02:24:44,174 | INFO | HTTP Request: POST https://api.telegram.org/bot8782666061:AAHh0Fo2Q3XPaJJK7ijuuQSECkoTlcmMbls/getUpdates "HTTP/1.1 200 OK"
2026-04-13 02:24:54,378 | INFO | HTTP Request: POST https://api.telegram.org/bot8782666061:AAHh0Fo2Q3XPaJJK7ijuuQSECkoTlcmMbls/getUpdates "HTTP/1.1 200 OK"
2026-04-13 02:25:04,605 | INFO | HTTP Request: POST https://api.telegram.org/bot8782666061:AAHh0Fo2Q3XPaJJK7ijuuQSECkoTlcmMbls/getUpdates "HTTP/1.1 200 OK"
2026-04-13 02:25:14,817 | INFO | HTTP Request: POST https://api.telegram.org/bot8782666061:AAHh0Fo2Q3XPaJJK7ijuuQSECkoTlcmMbls/getUpdates "HTTP/1.1 200 OK"
2026-04-13 02:25:25,030 | INFO | HTTP Request: POST https://api.telegram.org/bot8782666061:AAHh0Fo2Q3XPaJJK7ijuuQSECkoTlcmMbls/getUpdates "HTTP/1.1 200 OK"
2026-04-13 02:25:35,242 | INFO | HTTP Request: POST https://api.telegram.org/bot8782666061:AAHh0Fo2Q3XPaJJK7ijuuQSECkoTlcmMbls/getUpdates "HTTP/1.1 200 OK"
2026-04-13 02:25:45,451 | INFO | HTTP Request: POST https://api.telegram.org/bot8782666061:AAHh0Fo2Q3XPaJJK7ijuuQSECkoTlcmMbls/getUpdates "HTTP/1.1 200 OK"
2026-04-13 02:25:55,655 | INFO | HTTP Request: POST https://api.telegram.org/bot8782666061:AAHh0Fo2Q3XPaJJK7ijuuQSECkoTlcmMbls/getUpdates "HTTP/1.1 200 OK"
2026-04-13 02:26:05,936 | INFO | HTTP Request: POST https://api.telegram.org/bot8782666061:AAHh0Fo2Q3XPaJJK7ijuuQSECkoTlcmMbls/getUpdates "HTTP/1.1 200 OK"
2026-04-13 02:26:16,176 | INFO | HTTP Request: POST https://api.telegram.org/bot8782666061:AAHh0Fo2Q3XPaJJK7ijuuQSECkoTlcmMbls/getUpdates "HTTP/1.1 200 OK"
2026-04-13 02:26:26,416 | INFO | HTTP Request: POST https://api.telegram.org/bot8782666061:AAHh0Fo2Q3XPaJJK7ijuuQSECkoTlcmMbls/getUpdates "HTTP/1.1 200 OK"
2026-04-13 02:26:36,634 | INFO | HTTP Request: POST https://api.telegram.org/bot8782666061:AAHh0Fo2Q3XPaJJK7ijuuQSECkoTlcmMbls/getUpdates "HTTP/1.1 200 OK"
2026-04-13 02:26:46,851 | INFO | HTTP Request: POST https://api.telegram.org/bot8782666061:AAHh0Fo2Q3XPaJJK7ijuuQSECkoTlcmMbls/getUpdates "HTTP/1.1 200 OK"
2026-04-13 02:26:57,070 | INFO | HTTP Request: POST https://api.telegram.org/bot8782666061:AAHh0Fo2Q3XPaJJK7ijuuQSECkoTlcmMbls/getUpdates "HTTP/1.1 200 OK"
2026-04-13 02:27:07,281 | INFO | HTTP Request: POST https://api.telegram.org/bot8782666061:AAHh0Fo2Q3XPaJJK7ijuuQSECkoTlcmMbls/getUpdates "HTTP/1.1 200 OK"
2026-04-13 02:27:17,499 | INFO | HTTP Request: POST https://api.telegram.org/bot8782666061:AAHh0Fo2Q3XPaJJK7ijuuQSECkoTlcmMbls/getUpdates "HTTP/1.1 200 OK"
2026-04-13 02:27:27,712 | INFO | HTTP Request: POST https://api.telegram.org/bot8782666061:AAHh0Fo2Q3XPaJJK7ijuuQSECkoTlcmMbls/getUpdates "HTTP/1.1 200 OK"
2026-04-13 02:27:37,911 | INFO | HTTP Request: POST https://api.telegram.org/bot8782666061:AAHh0Fo2Q3XPaJJK7ijuuQSECkoTlcmMbls/getUpdates "HTTP/1.1 200 OK"
2026-04-13 02:27:48,108 | INFO | HTTP Request: POST https://api.telegram.org/bot8782666061:AAHh0Fo2Q3XPaJJK7ijuuQSECkoTlcmMbls/getUpdates "HTTP/1.1 200 OK"
2026-04-13 02:27:58,309 | INFO | HTTP Request: POST https://api.telegram.org/bot8782666061:AAHh0Fo2Q3XPaJJK7ijuuQSECkoTlcmMbls/getUpdates "HTTP/1.1 200 OK"
2026-04-13 02:28:08,516 | INFO | HTTP Request: POST https://api.telegram.org/bot8782666061:AAHh0Fo2Q3XPaJJK7ijuuQSECkoTlcmMbls/getUpdates "HTTP/1.1 200 OK"
2026-04-13 02:28:18,722 | INFO | HTTP Request: POST https://api.telegram.org/bot8782666061:AAHh0Fo2Q3XPaJJK7ijuuQSECkoTlcmMbls/getUpdates "HTTP/1.1 200 OK"
2026-04-13 02:28:28,921 | INFO | HTTP Request: POST https://api.telegram.org/bot8782666061:AAHh0Fo2Q3XPaJJK7ijuuQSECkoTlcmMbls/getUpdates "HTTP/1.1 200 OK"
2026-04-13 02:28:39,134 | INFO | HTTP Request: POST https://api.telegram.org/bot8782666061:AAHh0Fo2Q3XPaJJK7ijuuQSECkoTlcmMbls/getUpdates "HTTP/1.1 200 OK"
2026-04-13 02:28:49,353 | INFO | HTTP Request: POST https://api.telegram.org/bot8782666061:AAHh0Fo2Q3XPaJJK7ijuuQSECkoTlcmMbls/getUpdates "HTTP/1.1 200 OK"
2026-04-13 02:28:59,552 | INFO | HTTP Request: POST https://api.telegram.org/bot8782666061:AAHh0Fo2Q3XPaJJK7ijuuQSECkoTlcmMbls/getUpdates "HTTP/1.1 200 OK"
2026-04-13 02:29:09,800 | INFO | HTTP Request: POST https://api.telegram.org/bot8782666061:AAHh0Fo2Q3XPaJJK7ijuuQSECkoTlcmMbls/getUpdates "HTTP/1.1 200 OK"
2026-04-13 02:29:20,008 | INFO | HTTP Request: POST https://api.telegram.org/bot8782666061:AAHh0Fo2Q3XPaJJK7ijuuQSECkoTlcmMbls/getUpdates "HTTP/1.1 200 OK"
2026-04-13 02:29:30,228 | INFO | HTTP Request: POST https://api.telegram.org/bot8782666061:AAHh0Fo2Q3XPaJJK7ijuuQSECkoTlcmMbls/getUpdates "HTTP/1.1 200 OK"
2026-04-13 02:29:40,445 | INFO | HTTP Request: POST https://api.telegram.org/bot8782666061:AAHh0Fo2Q3XPaJJK7ijuuQSECkoTlcmMbls/getUpdates "HTTP/1.1 200 OK"
2026-04-13 02:29:50,659 | INFO | HTTP Request: POST https://api.telegram.org/bot8782666061:AAHh0Fo2Q3XPaJJK7ijuuQSECkoTlcmMbls/getUpdates "HTTP/1.1 200 OK"
2026-04-13 02:30:00,951 | INFO | HTTP Request: POST https://api.telegram.org/bot8782666061:AAHh0Fo2Q3XPaJJK7ijuuQSECkoTlcmMbls/getUpdates "HTTP/1.1 200 OK"
2026-04-13 02:30:11,195 | INFO | HTTP Request: POST https://api.telegram.org/bot8782666061:AAHh0Fo2Q3XPaJJK7ijuuQSECkoTlcmMbls/getUpdates "HTTP/1.1 200 OK"
2026-04-13 02:30:21,411 | INFO | HTTP Request: POST https://api.telegram.org/bot8782666061:AAHh0Fo2Q3XPaJJK7ijuuQSECkoTlcmMbls/getUpdates "HTTP/1.1 200 OK"
2026-04-13 02:30:31,772 | INFO | HTTP Request: POST https://api.telegram.org/bot8782666061:AAHh0Fo2Q3XPaJJK7ijuuQSECkoTlcmMbls/getUpdates "HTTP/1.1 200 OK"
2026-04-13 02:30:41,998 | INFO | HTTP Request: POST https://api.telegram.org/bot8782666061:AAHh0Fo2Q3XPaJJK7ijuuQSECkoTlcmMbls/getUpdates "HTTP/1.1 200 OK"
2026-04-13 02:30:52,216 | INFO | HTTP Request: POST https://api.telegram.org/bot8782666061:AAHh0Fo2Q3XPaJJK7ijuuQSECkoTlcmMbls/getUpdates "HTTP/1.1 200 OK"
2026-04-13 02:31:02,428 | INFO | HTTP Request: POST https://api.telegram.org/bot8782666061:AAHh0Fo2Q3XPaJJK7ijuuQSECkoTlcmMbls/getUpdates "HTTP/1.1 200 OK"
2026-04-13 02:31:12,652 | INFO | HTTP Request: POST https://api.telegram.org/bot8782666061:AAHh0Fo2Q3XPaJJK7ijuuQSECkoTlcmMbls/getUpdates "HTTP/1.1 200 OK"
2026-04-13 02:31:22,974 | INFO | HTTP Request: POST https://api.telegram.org/bot8782666061:AAHh0Fo2Q3XPaJJK7ijuuQSECkoTlcmMbls/getUpdates "HTTP/1.1 200 OK"
2026-04-13 02:31:33,184 | INFO | HTTP Request: POST https://api.telegram.org/bot8782666061:AAHh0Fo2Q3XPaJJK7ijuuQSECkoTlcmMbls/getUpdates "HTTP/1.1 200 OK"
2026-04-13 02:31:43,453 | INFO | HTTP Request: POST https://api.telegram.org/bot8782666061:AAHh0Fo2Q3XPaJJK7ijuuQSECkoTlcmMbls/getUpdates "HTTP/1.1 200 OK"
2026-04-13 02:31:53,661 | INFO | HTTP Request: POST https://api.telegram.org/bot8782666061:AAHh0Fo2Q3XPaJJK7ijuuQSECkoTlcmMbls/getUpdates "HTTP/1.1 200 OK"
2026-04-13 02:32:03,869 | INFO | HTTP Request: POST https://api.telegram.org/bot8782666061:AAHh0Fo2Q3XPaJJK7ijuuQSECkoTlcmMbls/getUpdates "HTTP/1.1 200 OK"
2026-04-13 02:32:14,098 | INFO | HTTP Request: POST https://api.telegram.org/bot8782666061:AAHh0Fo2Q3XPaJJK7ijuuQSECkoTlcmMbls/getUpdates "HTTP/1.1 200 OK"
2026-04-13 02:32:24,311 | INFO | HTTP Request: POST https://api.telegram.org/bot8782666061:AAHh0Fo2Q3XPaJJK7ijuuQSECkoTlcmMbls/getUpdates "HTTP/1.1 200 OK"
2026-04-13 02:32:34,554 | INFO | HTTP Request: POST https://api.telegram.org/bot8782666061:AAHh0Fo2Q3XPaJJK7ijuuQSECkoTlcmMbls/getUpdates "HTTP/1.1 200 OK"
2026-04-13 02:32:44,765 | INFO | HTTP Request: POST https://api.telegram.org/bot8782666061:AAHh0Fo2Q3XPaJJK7ijuuQSECkoTlcmMbls/getUpdates "HTTP/1.1 200 OK"
2026-04-13 02:32:54,981 | INFO | HTTP Request: POST https://api.telegram.org/bot8782666061:AAHh0Fo2Q3XPaJJK7ijuuQSECkoTlcmMbls/getUpdates "HTTP/1.1 200 OK"
2026-04-13 02:33:05,192 | INFO | HTTP Request: POST https://api.telegram.org/bot8782666061:AAHh0Fo2Q3XPaJJK7ijuuQSECkoTlcmMbls/getUpdates "HTTP/1.1 200 OK"
2026-04-13 02:33:15,616 | INFO | HTTP Request: POST https://api.telegram.org/bot8782666061:AAHh0Fo2Q3XPaJJK7ijuuQSECkoTlcmMbls/getUpdates "HTTP/1.1 200 OK"
2026-04-13 02:33:25,856 | INFO | HTTP Request: POST https://api.telegram.org/bot8782666061:AAHh0Fo2Q3XPaJJK7ijuuQSECkoTlcmMbls/getUpdates "HTTP/1.1 200 OK"
2026-04-13 02:33:36,096 | INFO | HTTP Request: POST https://api.telegram.org/bot8782666061:AAHh0Fo2Q3XPaJJK7ijuuQSECkoTlcmMbls/getUpdates "HTTP/1.1 200 OK"
2026-04-13 02:33:46,338 | INFO | HTTP Request: POST https://api.telegram.org/bot8782666061:AAHh0Fo2Q3XPaJJK7ijuuQSECkoTlcmMbls/getUpdates "HTTP/1.1 200 OK"
2026-04-13 11:43:37,603 | INFO | 🤖 البوت يعمل الآن...
2026-04-13 11:43:38,488 | INFO | HTTP Request: POST https://api.telegram.org/bot8782666061:AAHh0Fo2Q3XPaJJK7ijuuQSECkoTlcmMbls/getMe "HTTP/1.1 200 OK"
2026-04-13 11:43:38,795 | INFO | HTTP Request: POST https://api.telegram.org/bot8782666061:AAHh0Fo2Q3XPaJJK7ijuuQSECkoTlcmMbls/deleteWebhook "HTTP/1.1 200 OK"
2026-04-13 11:43:38,799 | INFO | Application started
2026-04-13 11:43:44,096 | INFO | HTTP Request: POST https://api.telegram.org/bot8782666061:AAHh0Fo2Q3XPaJJK7ijuuQSECkoTlcmMbls/getUpdates "HTTP/1.1 409 Conflict"
2026-04-13 11:43:44,101 | ERROR | No error handlers are registered, logging exception.
Traceback (most recent call last):
  File "C:\Users\MC\AppData\Local\Programs\Python\Python39\lib\site-packages\telegram\ext\_updater.py", line 753, in _network_loop_retry
    if not await do_action():
  File "C:\Users\MC\AppData\Local\Programs\Python\Python39\lib\site-packages\telegram\ext\_updater.py", line 747, in do_action
    return action_cb_task.result()
  File "C:\Users\MC\AppData\Local\Programs\Python\Python39\lib\site-packages\telegram\ext\_updater.py", line 377, in polling_action_cb
    updates = await self.bot.get_updates(
  File "C:\Users\MC\AppData\Local\Programs\Python\Python39\lib\site-packages\telegram\ext\_extbot.py", line 649, in get_updates
    updates = await super().get_updates(
  File "C:\Users\MC\AppData\Local\Programs\Python\Python39\lib\site-packages\telegram\_bot.py", line 4366, in get_updates
    await self._post(
  File "C:\Users\MC\AppData\Local\Programs\Python\Python39\lib\site-packages\telegram\_bot.py", line 623, in _post
    return await self._do_post(
  File "C:\Users\MC\AppData\Local\Programs\Python\Python39\lib\site-packages\telegram\ext\_extbot.py", line 355, in _do_post
    return await super()._do_post(
  File "C:\Users\MC\AppData\Local\Programs\Python\Python39\lib\site-packages\telegram\_bot.py", line 652, in _do_post
    result = await request.post(
  File "C:\Users\MC\AppData\Local\Programs\Python\Python39\lib\site-packages\telegram\request\_baserequest.py", line 201, in post
    result = await self._request_wrapper(
  File "C:\Users\MC\AppData\Local\Programs\Python\Python39\lib\site-packages\telegram\request\_baserequest.py", line 384, in _request_wrapper
    raise Conflict(message)
telegram.error.Conflict: Conflict: terminated by other getUpdates request; make sure that only one bot instance is running
2026-04-13 11:43:49,987 | INFO | HTTP Request: POST https://api.telegram.org/bot8782666061:AAHh0Fo2Q3XPaJJK7ijuuQSECkoTlcmMbls/getUpdates "HTTP/1.1 409 Conflict"
2026-04-13 11:43:49,991 | ERROR | No error handlers are registered, logging exception.
Traceback (most recent call last):
  File "C:\Users\MC\AppData\Local\Programs\Python\Python39\lib\site-packages\telegram\ext\_updater.py", line 753, in _network_loop_retry
    if not await do_action():
  File "C:\Users\MC\AppData\Local\Programs\Python\Python39\lib\site-packages\telegram\ext\_updater.py", line 747, in do_action
    return action_cb_task.result()
  File "C:\Users\MC\AppData\Local\Programs\Python\Python39\lib\site-packages\telegram\ext\_updater.py", line 377, in polling_action_cb
    updates = await self.bot.get_updates(
  File "C:\Users\MC\AppData\Local\Programs\Python\Python39\lib\site-packages\telegram\ext\_extbot.py", line 649, in get_updates
    updates = await super().get_updates(
  File "C:\Users\MC\AppData\Local\Programs\Python\Python39\lib\site-packages\telegram\_bot.py", line 4366, in get_updates
    await self._post(
  File "C:\Users\MC\AppData\Local\Programs\Python\Python39\lib\site-packages\telegram\_bot.py", line 623, in _post
    return await self._do_post(
  File "C:\Users\MC\AppData\Local\Programs\Python\Python39\lib\site-packages\telegram\ext\_extbot.py", line 355, in _do_post
    return await super()._do_post(
  File "C:\Users\MC\AppData\Local\Programs\Python\Python39\lib\site-packages\telegram\_bot.py", line 652, in _do_post
    result = await request.post(
  File "C:\Users\MC\AppData\Local\Programs\Python\Python39\lib\site-packages\telegram\request\_baserequest.py", line 201, in post
    result = await self._request_wrapper(
  File "C:\Users\MC\AppData\Local\Programs\Python\Python39\lib\site-packages\telegram\request\_baserequest.py", line 384, in _request_wrapper
    raise Conflict(message)
telegram.error.Conflict: Conflict: terminated by other getUpdates request; make sure that only one bot instance is running
2026-04-13 11:43:57,134 | INFO | HTTP Request: POST https://api.telegram.org/bot8782666061:AAHh0Fo2Q3XPaJJK7ijuuQSECkoTlcmMbls/getUpdates "HTTP/1.1 409 Conflict"
2026-04-13 11:43:57,137 | ERROR | No error handlers are registered, logging exception.
Traceback (most recent call last):
  File "C:\Users\MC\AppData\Local\Programs\Python\Python39\lib\site-packages\telegram\ext\_updater.py", line 753, in _network_loop_retry
    if not await do_action():
  File "C:\Users\MC\AppData\Local\Programs\Python\Python39\lib\site-packages\telegram\ext\_updater.py", line 747, in do_action
    return action_cb_task.result()
  File "C:\Users\MC\AppData\Local\Programs\Python\Python39\lib\site-packages\telegram\ext\_updater.py", line 377, in polling_action_cb
    updates = await self.bot.get_updates(
  File "C:\Users\MC\AppData\Local\Programs\Python\Python39\lib\site-packages\telegram\ext\_extbot.py", line 649, in get_updates
    updates = await super().get_updates(
  File "C:\Users\MC\AppData\Local\Programs\Python\Python39\lib\site-packages\telegram\_bot.py", line 4366, in get_updates
    await self._post(
  File "C:\Users\MC\AppData\Local\Programs\Python\Python39\lib\site-packages\telegram\_bot.py", line 623, in _post
    return await self._do_post(
  File "C:\Users\MC\AppData\Local\Programs\Python\Python39\lib\site-packages\telegram\ext\_extbot.py", line 355, in _do_post
    return await super()._do_post(
  File "C:\Users\MC\AppData\Local\Programs\Python\Python39\lib\site-packages\telegram\_bot.py", line 652, in _do_post
    result = await request.post(
  File "C:\Users\MC\AppData\Local\Programs\Python\Python39\lib\site-packages\telegram\request\_baserequest.py", line 201, in post
    result = await self._request_wrapper(
  File "C:\Users\MC\AppData\Local\Programs\Python\Python39\lib\site-packages\telegram\request\_baserequest.py", line 384, in _request_wrapper
    raise Conflict(message)
telegram.error.Conflict: Conflict: terminated by other getUpdates request; make sure that only one bot instance is running
2026-04-13 11:44:03,377 | INFO | HTTP Request: POST https://api.telegram.org/bot8782666061:AAHh0Fo2Q3XPaJJK7ijuuQSECkoTlcmMbls/getUpdates "HTTP/1.1 409 Conflict"
2026-04-13 11:44:03,381 | ERROR | No error handlers are registered, logging exception.
Traceback (most recent call last):
  File "C:\Users\MC\AppData\Local\Programs\Python\Python39\lib\site-packages\telegram\ext\_updater.py", line 753, in _network_loop_retry
    if not await do_action():
  File "C:\Users\MC\AppData\Local\Programs\Python\Python39\lib\site-packages\telegram\ext\_updater.py", line 747, in do_action
    return action_cb_task.result()
  File "C:\Users\MC\AppData\Local\Programs\Python\Python39\lib\site-packages\telegram\ext\_updater.py", line 377, in polling_action_cb
    updates = await self.bot.get_updates(
  File "C:\Users\MC\AppData\Local\Programs\Python\Python39\lib\site-packages\telegram\ext\_extbot.py", line 649, in get_updates
    updates = await super().get_updates(
  File "C:\Users\MC\AppData\Local\Programs\Python\Python39\lib\site-packages\telegram\_bot.py", line 4366, in get_updates
    await self._post(
  File "C:\Users\MC\AppData\Local\Programs\Python\Python39\lib\site-packages\telegram\_bot.py", line 623, in _post
    return await self._do_post(
  File "C:\Users\MC\AppData\Local\Programs\Python\Python39\lib\site-packages\telegram\ext\_extbot.py", line 355, in _do_post
    return await super()._do_post(
  File "C:\Users\MC\AppData\Local\Programs\Python\Python39\lib\site-packages\telegram\_bot.py", line 652, in _do_post
    result = await request.post(
  File "C:\Users\MC\AppData\Local\Programs\Python\Python39\lib\site-packages\telegram\request\_baserequest.py", line 201, in post
    result = await self._request_wrapper(
  File "C:\Users\MC\AppData\Local\Programs\Python\Python39\lib\site-packages\telegram\request\_baserequest.py", line 384, in _request_wrapper
    raise Conflict(message)
telegram.error.Conflict: Conflict: terminated by other getUpdates request; make sure that only one bot instance is running
2026-04-13 11:44:12,556 | INFO | HTTP Request: POST https://api.telegram.org/bot8782666061:AAHh0Fo2Q3XPaJJK7ijuuQSECkoTlcmMbls/getUpdates "HTTP/1.1 409 Conflict"
2026-04-13 11:44:12,559 | ERROR | No error handlers are registered, logging exception.
Traceback (most recent call last):
  File "C:\Users\MC\AppData\Local\Programs\Python\Python39\lib\site-packages\telegram\ext\_updater.py", line 753, in _network_loop_retry
    if not await do_action():
  File "C:\Users\MC\AppData\Local\Programs\Python\Python39\lib\site-packages\telegram\ext\_updater.py", line 747, in do_action
    return action_cb_task.result()
  File "C:\Users\MC\AppData\Local\Programs\Python\Python39\lib\site-packages\telegram\ext\_updater.py", line 377, in polling_action_cb
    updates = await self.bot.get_updates(
  File "C:\Users\MC\AppData\Local\Programs\Python\Python39\lib\site-packages\telegram\ext\_extbot.py", line 649, in get_updates
    updates = await super().get_updates(
  File "C:\Users\MC\AppData\Local\Programs\Python\Python39\lib\site-packages\telegram\_bot.py", line 4366, in get_updates
    await self._post(
  File "C:\Users\MC\AppData\Local\Programs\Python\Python39\lib\site-packages\telegram\_bot.py", line 623, in _post
    return await self._do_post(
  File "C:\Users\MC\AppData\Local\Programs\Python\Python39\lib\site-packages\telegram\ext\_extbot.py", line 355, in _do_post
    return await super()._do_post(
  File "C:\Users\MC\AppData\Local\Programs\Python\Python39\lib\site-packages\telegram\_bot.py", line 652, in _do_post
    result = await request.post(
  File "C:\Users\MC\AppData\Local\Programs\Python\Python39\lib\site-packages\telegram\request\_baserequest.py", line 201, in post
    result = await self._request_wrapper(
  File "C:\Users\MC\AppData\Local\Programs\Python\Python39\lib\site-packages\telegram\request\_baserequest.py", line 384, in _request_wrapper
    raise Conflict(message)
telegram.error.Conflict: Conflict: terminated by other getUpdates request; make sure that only one bot instance is running
2026-04-13 11:44:26,882 | INFO | HTTP Request: POST https://api.telegram.org/bot8782666061:AAHh0Fo2Q3XPaJJK7ijuuQSECkoTlcmMbls/getUpdates "HTTP/1.1 409 Conflict"
2026-04-13 11:44:26,887 | ERROR | No error handlers are registered, logging exception.
Traceback (most recent call last):
  File "C:\Users\MC\AppData\Local\Programs\Python\Python39\lib\site-packages\telegram\ext\_updater.py", line 753, in _network_loop_retry
    if not await do_action():
  File "C:\Users\MC\AppData\Local\Programs\Python\Python39\lib\site-packages\telegram\ext\_updater.py", line 747, in do_action
    return action_cb_task.result()
  File "C:\Users\MC\AppData\Local\Programs\Python\Python39\lib\site-packages\telegram\ext\_updater.py", line 377, in polling_action_cb
    updates = await self.bot.get_updates(
  File "C:\Users\MC\AppData\Local\Programs\Python\Python39\lib\site-packages\telegram\ext\_extbot.py", line 649, in get_updates
    updates = await super().get_updates(
  File "C:\Users\MC\AppData\Local\Programs\Python\Python39\lib\site-packages\telegram\_bot.py", line 4366, in get_updates
    await self._post(
  File "C:\Users\MC\AppData\Local\Programs\Python\Python39\lib\site-packages\telegram\_bot.py", line 623, in _post
    return await self._do_post(
  File "C:\Users\MC\AppData\Local\Programs\Python\Python39\lib\site-packages\telegram\ext\_extbot.py", line 355, in _do_post
    return await super()._do_post(
  File "C:\Users\MC\AppData\Local\Programs\Python\Python39\lib\site-packages\telegram\_bot.py", line 652, in _do_post
    result = await request.post(
  File "C:\Users\MC\AppData\Local\Programs\Python\Python39\lib\site-packages\telegram\request\_baserequest.py", line 201, in post
    result = await self._request_wrapper(
  File "C:\Users\MC\AppData\Local\Programs\Python\Python39\lib\site-packages\telegram\request\_baserequest.py", line 384, in _request_wrapper
    raise Conflict(message)
telegram.error.Conflict: Conflict: terminated by other getUpdates request; make sure that only one bot instance is running
2026-04-13 11:44:37,339 | INFO | 🤖 البوت يعمل الآن...
2026-04-13 11:44:37,992 | INFO | HTTP Request: POST https://api.telegram.org/bot8782666061:AAHh0Fo2Q3XPaJJK7ijuuQSECkoTlcmMbls/getMe "HTTP/1.1 200 OK"
2026-04-13 11:44:38,288 | INFO | HTTP Request: POST https://api.telegram.org/bot8782666061:AAHh0Fo2Q3XPaJJK7ijuuQSECkoTlcmMbls/deleteWebhook "HTTP/1.1 200 OK"
2026-04-13 11:44:38,296 | INFO | Application started
2026-04-13 11:44:43,306 | INFO | HTTP Request: POST https://api.telegram.org/bot8782666061:AAHh0Fo2Q3XPaJJK7ijuuQSECkoTlcmMbls/getUpdates "HTTP/1.1 409 Conflict"
2026-04-13 11:44:43,311 | ERROR | No error handlers are registered, logging exception.
Traceback (most recent call last):
  File "C:\Users\MC\AppData\Local\Programs\Python\Python39\lib\site-packages\telegram\ext\_updater.py", line 753, in _network_loop_retry
    if not await do_action():
  File "C:\Users\MC\AppData\Local\Programs\Python\Python39\lib\site-packages\telegram\ext\_updater.py", line 747, in do_action
    return action_cb_task.result()
  File "C:\Users\MC\AppData\Local\Programs\Python\Python39\lib\site-packages\telegram\ext\_updater.py", line 377, in polling_action_cb
    updates = await self.bot.get_updates(
  File "C:\Users\MC\AppData\Local\Programs\Python\Python39\lib\site-packages\telegram\ext\_extbot.py", line 649, in get_updates
    updates = await super().get_updates(
  File "C:\Users\MC\AppData\Local\Programs\Python\Python39\lib\site-packages\telegram\_bot.py", line 4366, in get_updates
    await self._post(
  File "C:\Users\MC\AppData\Local\Programs\Python\Python39\lib\site-packages\telegram\_bot.py", line 623, in _post
    return await self._do_post(
  File "C:\Users\MC\AppData\Local\Programs\Python\Python39\lib\site-packages\telegram\ext\_extbot.py", line 355, in _do_post
    return await super()._do_post(
  File "C:\Users\MC\AppData\Local\Programs\Python\Python39\lib\site-packages\telegram\_bot.py", line 652, in _do_post
    result = await request.post(
  File "C:\Users\MC\AppData\Local\Programs\Python\Python39\lib\site-packages\telegram\request\_baserequest.py", line 201, in post
    result = await self._request_wrapper(
  File "C:\Users\MC\AppData\Local\Programs\Python\Python39\lib\site-packages\telegram\request\_baserequest.py", line 384, in _request_wrapper
    raise Conflict(message)
telegram.error.Conflict: Conflict: terminated by other getUpdates request; make sure that only one bot instance is running
2026-04-13 11:44:49,245 | INFO | HTTP Request: POST https://api.telegram.org/bot8782666061:AAHh0Fo2Q3XPaJJK7ijuuQSECkoTlcmMbls/getUpdates "HTTP/1.1 409 Conflict"
2026-04-13 11:44:49,249 | ERROR | No error handlers are registered, logging exception.
Traceback (most recent call last):
  File "C:\Users\MC\AppData\Local\Programs\Python\Python39\lib\site-packages\telegram\ext\_updater.py", line 753, in _network_loop_retry
    if not await do_action():
  File "C:\Users\MC\AppData\Local\Programs\Python\Python39\lib\site-packages\telegram\ext\_updater.py", line 747, in do_action
    return action_cb_task.result()
  File "C:\Users\MC\AppData\Local\Programs\Python\Python39\lib\site-packages\telegram\ext\_updater.py", line 377, in polling_action_cb
    updates = await self.bot.get_updates(
  File "C:\Users\MC\AppData\Local\Programs\Python\Python39\lib\site-packages\telegram\ext\_extbot.py", line 649, in get_updates
    updates = await super().get_updates(
  File "C:\Users\MC\AppData\Local\Programs\Python\Python39\lib\site-packages\telegram\_bot.py", line 4366, in get_updates
    await self._post(
  File "C:\Users\MC\AppData\Local\Programs\Python\Python39\lib\site-packages\telegram\_bot.py", line 623, in _post
    return await self._do_post(
  File "C:\Users\MC\AppData\Local\Programs\Python\Python39\lib\site-packages\telegram\ext\_extbot.py", line 355, in _do_post
    return await super()._do_post(
  File "C:\Users\MC\AppData\Local\Programs\Python\Python39\lib\site-packages\telegram\_bot.py", line 652, in _do_post
    result = await request.post(
  File "C:\Users\MC\AppData\Local\Programs\Python\Python39\lib\site-packages\telegram\request\_baserequest.py", line 201, in post
    result = await self._request_wrapper(
  File "C:\Users\MC\AppData\Local\Programs\Python\Python39\lib\site-packages\telegram\request\_baserequest.py", line 384, in _request_wrapper
    raise Conflict(message)
telegram.error.Conflict: Conflict: terminated by other getUpdates request; make sure that only one bot instance is running
2026-04-13 11:44:56,413 | INFO | HTTP Request: POST https://api.telegram.org/bot8782666061:AAHh0Fo2Q3XPaJJK7ijuuQSECkoTlcmMbls/getUpdates "HTTP/1.1 409 Conflict"
2026-04-13 11:44:56,417 | ERROR | No error handlers are registered, logging exception.
Traceback (most recent call last):
  File "C:\Users\MC\AppData\Local\Programs\Python\Python39\lib\site-packages\telegram\ext\_updater.py", line 753, in _network_loop_retry
    if not await do_action():
  File "C:\Users\MC\AppData\Local\Programs\Python\Python39\lib\site-packages\telegram\ext\_updater.py", line 747, in do_action
    return action_cb_task.result()
  File "C:\Users\MC\AppData\Local\Programs\Python\Python39\lib\site-packages\telegram\ext\_updater.py", line 377, in polling_action_cb
    updates = await self.bot.get_updates(
  File "C:\Users\MC\AppData\Local\Programs\Python\Python39\lib\site-packages\telegram\ext\_extbot.py", line 649, in get_updates
    updates = await super().get_updates(
  File "C:\Users\MC\AppData\Local\Programs\Python\Python39\lib\site-packages\telegram\_bot.py", line 4366, in get_updates
    await self._post(
  File "C:\Users\MC\AppData\Local\Programs\Python\Python39\lib\site-packages\telegram\_bot.py", line 623, in _post
    return await self._do_post(
  File "C:\Users\MC\AppData\Local\Programs\Python\Python39\lib\site-packages\telegram\ext\_extbot.py", line 355, in _do_post
    return await super()._do_post(
  File "C:\Users\MC\AppData\Local\Programs\Python\Python39\lib\site-packages\telegram\_bot.py", line 652, in _do_post
    result = await request.post(
  File "C:\Users\MC\AppData\Local\Programs\Python\Python39\lib\site-packages\telegram\request\_baserequest.py", line 201, in post
    result = await self._request_wrapper(
  File "C:\Users\MC\AppData\Local\Programs\Python\Python39\lib\site-packages\telegram\request\_baserequest.py", line 384, in _request_wrapper
    raise Conflict(message)
telegram.error.Conflict: Conflict: terminated by other getUpdates request; make sure that only one bot instance is running
2026-04-13 11:45:02,455 | INFO | HTTP Request: POST https://api.telegram.org/bot8782666061:AAHh0Fo2Q3XPaJJK7ijuuQSECkoTlcmMbls/getUpdates "HTTP/1.1 409 Conflict"
2026-04-13 11:45:02,460 | ERROR | No error handlers are registered, logging exception.
Traceback (most recent call last):
  File "C:\Users\MC\AppData\Local\Programs\Python\Python39\lib\site-packages\telegram\ext\_updater.py", line 753, in _network_loop_retry
    if not await do_action():
  File "C:\Users\MC\AppData\Local\Programs\Python\Python39\lib\site-packages\telegram\ext\_updater.py", line 747, in do_action
    return action_cb_task.result()
  File "C:\Users\MC\AppData\Local\Programs\Python\Python39\lib\site-packages\telegram\ext\_updater.py", line 377, in polling_action_cb
    updates = await self.bot.get_updates(
  File "C:\Users\MC\AppData\Local\Programs\Python\Python39\lib\site-packages\telegram\ext\_extbot.py", line 649, in get_updates
    updates = await super().get_updates(
  File "C:\Users\MC\AppData\Local\Programs\Python\Python39\lib\site-packages\telegram\_bot.py", line 4366, in get_updates
    await self._post(
  File "C:\Users\MC\AppData\Local\Programs\Python\Python39\lib\site-packages\telegram\_bot.py", line 623, in _post
    return await self._do_post(
  File "C:\Users\MC\AppData\Local\Programs\Python\Python39\lib\site-packages\telegram\ext\_extbot.py", line 355, in _do_post
    return await super()._do_post(
  File "C:\Users\MC\AppData\Local\Programs\Python\Python39\lib\site-packages\telegram\_bot.py", line 652, in _do_post
    result = await request.post(
  File "C:\Users\MC\AppData\Local\Programs\Python\Python39\lib\site-packages\telegram\request\_baserequest.py", line 201, in post
    result = await self._request_wrapper(
  File "C:\Users\MC\AppData\Local\Programs\Python\Python39\lib\site-packages\telegram\request\_baserequest.py", line 384, in _request_wrapper
    raise Conflict(message)
telegram.error.Conflict: Conflict: terminated by other getUpdates request; make sure that only one bot instance is running
2026-04-13 11:45:16,176 | INFO | HTTP Request: POST https://api.telegram.org/bot8782666061:AAHh0Fo2Q3XPaJJK7ijuuQSECkoTlcmMbls/getUpdates "HTTP/1.1 200 OK"
2026-04-13 11:45:26,395 | INFO | HTTP Request: POST https://api.telegram.org/bot8782666061:AAHh0Fo2Q3XPaJJK7ijuuQSECkoTlcmMbls/getUpdates "HTTP/1.1 200 OK"
2026-04-13 11:45:35,660 | INFO | HTTP Request: POST https://api.telegram.org/bot8782666061:AAHh0Fo2Q3XPaJJK7ijuuQSECkoTlcmMbls/getUpdates "HTTP/1.1 200 OK"
2026-04-13 11:45:36,455 | INFO | HTTP Request: POST https://api.telegram.org/bot8782666061:AAHh0Fo2Q3XPaJJK7ijuuQSECkoTlcmMbls/sendMessage "HTTP/1.1 200 OK"
2026-04-13 11:45:45,885 | INFO | HTTP Request: POST https://api.telegram.org/bot8782666061:AAHh0Fo2Q3XPaJJK7ijuuQSECkoTlcmMbls/getUpdates "HTTP/1.1 200 OK"
2026-04-13 11:45:56,210 | INFO | HTTP Request: POST https://api.telegram.org/bot8782666061:AAHh0Fo2Q3XPaJJK7ijuuQSECkoTlcmMbls/getUpdates "HTTP/1.1 200 OK"
2026-04-13 11:46:00,311 | INFO | HTTP Request: POST https://api.telegram.org/bot8782666061:AAHh0Fo2Q3XPaJJK7ijuuQSECkoTlcmMbls/getUpdates "HTTP/1.1 200 OK"
2026-04-13 11:46:01,028 | INFO | HTTP Request: POST https://api.telegram.org/bot8782666061:AAHh0Fo2Q3XPaJJK7ijuuQSECkoTlcmMbls/sendMessage "HTTP/1.1 200 OK"
2026-04-13 11:46:03,693 | INFO | HTTP Request: POST https://api.telegram.org/bot8782666061:AAHh0Fo2Q3XPaJJK7ijuuQSECkoTlcmMbls/getUpdates "HTTP/1.1 200 OK"
2026-04-13 11:46:03,996 | INFO | HTTP Request: POST https://api.telegram.org/bot8782666061:AAHh0Fo2Q3XPaJJK7ijuuQSECkoTlcmMbls/sendMessage "HTTP/1.1 200 OK"
2026-04-13 11:46:13,923 | INFO | HTTP Request: POST https://api.telegram.org/bot8782666061:AAHh0Fo2Q3XPaJJK7ijuuQSECkoTlcmMbls/getUpdates "HTTP/1.1 200 OK"
2026-04-13 11:46:24,167 | INFO | HTTP Request: POST https://api.telegram.org/bot8782666061:AAHh0Fo2Q3XPaJJK7ijuuQSECkoTlcmMbls/getUpdates "HTTP/1.1 200 OK"
2026-04-13 11:46:27,040 | INFO | HTTP Request: POST https://api.telegram.org/bot8782666061:AAHh0Fo2Q3XPaJJK7ijuuQSECkoTlcmMbls/getUpdates "HTTP/1.1 200 OK"
2026-04-13 11:46:27,974 | INFO | HTTP Request: POST https://api.telegram.org/bot8782666061:AAHh0Fo2Q3XPaJJK7ijuuQSECkoTlcmMbls/sendMessage "HTTP/1.1 200 OK"
2026-04-13 11:46:28,266 | INFO | HTTP Request: POST https://api.telegram.org/bot8782666061:AAHh0Fo2Q3XPaJJK7ijuuQSECkoTlcmMbls/getFile "HTTP/1.1 200 OK"
2026-04-13 11:46:28,807 | INFO | HTTP Request: GET https://api.telegram.org/file/bot8782666061%3AAAHh0Fo2Q3XPaJJK7ijuuQSECkoTlcmMbls/videos/file_273.mp4 "HTTP/1.1 200 OK"
2026-04-13 11:46:37,383 | INFO | HTTP Request: POST https://api.telegram.org/bot8782666061:AAHh0Fo2Q3XPaJJK7ijuuQSECkoTlcmMbls/getUpdates "HTTP/1.1 200 OK"
2026-04-13 11:46:40,889 | INFO | تم تحميل الفيديو: downloads\BAACAgQAAxkBAAIGE2ncBiQF_KPUEPgcratpV9Nuxz0JAAKfCgACfzfVUsqv89XLRtO2OwQ.mp4
2026-04-13 11:46:41,128 | INFO | HTTP Request: POST https://api.telegram.org/bot8782666061:AAHh0Fo2Q3XPaJJK7ijuuQSECkoTlcmMbls/editMessageText "HTTP/1.1 200 OK"
2026-04-13 11:46:41,899 | INFO | file_cache is only supported with oauth2client<4.0.0
2026-04-13 11:46:42,020 | INFO | ▶️ بدء الرفع على يوتيوب: ​​تم التنزيل عبر:
2026-04-13 11:47:31,245 | INFO | ✅ يوتيوب اكتمل: https://www.youtube.com/watch?v=-h2AJ2YESLo
2026-04-13 11:47:31,247 | INFO | يوتيوب ✅: https://www.youtube.com/watch?v=-h2AJ2YESLo
2026-04-13 11:47:31,256 | INFO | HTTP Request: POST https://api.telegram.org/bot8782666061:AAHh0Fo2Q3XPaJJK7ijuuQSECkoTlcmMbls/getUpdates "HTTP/1.1 200 OK"
2026-04-13 11:47:32,164 | INFO | HTTP Request: POST https://api.telegram.org/bot8782666061:AAHh0Fo2Q3XPaJJK7ijuuQSECkoTlcmMbls/editMessageText "HTTP/1.1 200 OK"
2026-04-13 11:47:54,095 | ERROR | Fails to upload to Cloudinary: Unexpected error - ProtocolError('Connection aborted.', ConnectionResetError(10054, 'An existing connection was forcibly closed by the remote host', None, 10054, None))
2026-04-13 11:47:54,107 | INFO | تم حذف الفيديو: downloads\BAACAgQAAxkBAAIGE2ncBiQF_KPUEPgcratpV9Nuxz0JAAKfCgACfzfVUsqv89XLRtO2OwQ.mp4
2026-04-13 11:47:54,128 | INFO | HTTP Request: POST https://api.telegram.org/bot8782666061:AAHh0Fo2Q3XPaJJK7ijuuQSECkoTlcmMbls/getUpdates "HTTP/1.1 200 OK"
2026-04-13 11:47:54,233 | WARNING | تعذر تعديل رسالة الحالة الحالية: httpx.ConnectError: [Errno 11001] getaddrinfo failed
2026-04-13 11:47:54,245 | ERROR | No error handlers are registered, logging exception.
Traceback (most recent call last):
  File "C:\Users\MC\AppData\Local\Programs\Python\Python39\lib\site-packages\httpx\_transports\default.py", line 101, in map_httpcore_exceptions
    yield
  File "C:\Users\MC\AppData\Local\Programs\Python\Python39\lib\site-packages\httpx\_transports\default.py", line 394, in handle_async_request
    resp = await self._pool.handle_async_request(req)
  File "C:\Users\MC\AppData\Local\Programs\Python\Python39\lib\site-packages\httpcore\_async\connection_pool.py", line 256, in handle_async_request
    raise exc from None
  File "C:\Users\MC\AppData\Local\Programs\Python\Python39\lib\site-packages\httpcore\_async\connection_pool.py", line 236, in handle_async_request
    response = await connection.handle_async_request(
  File "C:\Users\MC\AppData\Local\Programs\Python\Python39\lib\site-packages\httpcore\_async\connection.py", line 101, in handle_async_request
    raise exc
  File "C:\Users\MC\AppData\Local\Programs\Python\Python39\lib\site-packages\httpcore\_async\connection.py", line 78, in handle_async_request
    stream = await self._connect(request)
  File "C:\Users\MC\AppData\Local\Programs\Python\Python39\lib\site-packages\httpcore\_async\connection.py", line 124, in _connect
    stream = await self._network_backend.connect_tcp(**kwargs)
  File "C:\Users\MC\AppData\Local\Programs\Python\Python39\lib\site-packages\httpcore\_backends\auto.py", line 31, in connect_tcp
    return await self._backend.connect_tcp(
  File "C:\Users\MC\AppData\Local\Programs\Python\Python39\lib\site-packages\httpcore\_backends\anyio.py", line 122, in connect_tcp
    stream._raw_socket.setsockopt(*option)  # type: ignore[attr-defined] # pragma: no cover
  File "C:\Users\MC\AppData\Local\Programs\Python\Python39\lib\contextlib.py", line 135, in __exit__
    self.gen.throw(type, value, traceback)
  File "C:\Users\MC\AppData\Local\Programs\Python\Python39\lib\site-packages\httpcore\_exceptions.py", line 14, in map_exceptions
    raise to_exc(exc) from exc
httpcore.ConnectError: [Errno 11001] getaddrinfo failed

The above exception was the direct cause of the following exception:

Traceback (most recent call last):
  File "C:\Users\MC\AppData\Local\Programs\Python\Python39\lib\site-packages\telegram\request\_httpxrequest.py", line 292, in do_request
    res = await self._client.request(
  File "C:\Users\MC\AppData\Local\Programs\Python\Python39\lib\site-packages\httpx\_client.py", line 1540, in request
    return await self.send(request, auth=auth, follow_redirects=follow_redirects)
  File "C:\Users\MC\AppData\Local\Programs\Python\Python39\lib\site-packages\httpx\_client.py", line 1629, in send
    response = await self._send_handling_auth(
  File "C:\Users\MC\AppData\Local\Programs\Python\Python39\lib\site-packages\httpx\_client.py", line 1657, in _send_handling_auth
    response = await self._send_handling_redirects(
  File "C:\Users\MC\AppData\Local\Programs\Python\Python39\lib\site-packages\httpx\_client.py", line 1694, in _send_handling_redirects
    response = await self._send_single_request(request)
  File "C:\Users\MC\AppData\Local\Programs\Python\Python39\lib\site-packages\httpx\_client.py", line 1730, in _send_single_request
    response = await transport.handle_async_request(request)
  File "C:\Users\MC\AppData\Local\Programs\Python\Python39\lib\site-packages\httpx\_transports\default.py", line 394, in handle_async_request
    resp = await self._pool.handle_async_request(req)
  File "C:\Users\MC\AppData\Local\Programs\Python\Python39\lib\contextlib.py", line 135, in __exit__
    self.gen.throw(type, value, traceback)
  File "C:\Users\MC\AppData\Local\Programs\Python\Python39\lib\site-packages\httpx\_transports\default.py", line 118, in map_httpcore_exceptions
    raise mapped_exc(message) from exc
httpx.ConnectError: [Errno 11001] getaddrinfo failed

The above exception was the direct cause of the following exception:

Traceback (most recent call last):
  File "C:\Users\MC\AppData\Local\Programs\Python\Python39\lib\site-packages\telegram\ext\_updater.py", line 753, in _network_loop_retry
    if not await do_action():
  File "C:\Users\MC\AppData\Local\Programs\Python\Python39\lib\site-packages\telegram\ext\_updater.py", line 747, in do_action
    return action_cb_task.result()
  File "C:\Users\MC\AppData\Local\Programs\Python\Python39\lib\site-packages\telegram\ext\_updater.py", line 377, in polling_action_cb
    updates = await self.bot.get_updates(
  File "C:\Users\MC\AppData\Local\Programs\Python\Python39\lib\site-packages\telegram\ext\_extbot.py", line 649, in get_updates
    updates = await super().get_updates(
  File "C:\Users\MC\AppData\Local\Programs\Python\Python39\lib\site-packages\telegram\_bot.py", line 4366, in get_updates
    await self._post(
  File "C:\Users\MC\AppData\Local\Programs\Python\Python39\lib\site-packages\telegram\_bot.py", line 623, in _post
    return await self._do_post(
  File "C:\Users\MC\AppData\Local\Programs\Python\Python39\lib\site-packages\telegram\ext\_extbot.py", line 355, in _do_post
    return await super()._do_post(
  File "C:\Users\MC\AppData\Local\Programs\Python\Python39\lib\site-packages\telegram\_bot.py", line 652, in _do_post
    result = await request.post(
  File "C:\Users\MC\AppData\Local\Programs\Python\Python39\lib\site-packages\telegram\request\_baserequest.py", line 201, in post
    result = await self._request_wrapper(
  File "C:\Users\MC\AppData\Local\Programs\Python\Python39\lib\site-packages\telegram\request\_baserequest.py", line 333, in _request_wrapper
    code, payload = await self.do_request(
  File "C:\Users\MC\AppData\Local\Programs\Python\Python39\lib\site-packages\telegram\request\_httpxrequest.py", line 316, in do_request
    raise NetworkError(f"httpx.{err.__class__.__name__}: {err}") from err
telegram.error.NetworkError: httpx.ConnectError: [Errno 11001] getaddrinfo failed
2026-04-13 11:47:56,351 | INFO | HTTP Request: POST https://api.telegram.org/bot8782666061:AAHh0Fo2Q3XPaJJK7ijuuQSECkoTlcmMbls/sendMessage "HTTP/1.1 200 OK"
2026-04-13 11:47:56,633 | INFO | HTTP Request: POST https://api.telegram.org/bot8782666061:AAHh0Fo2Q3XPaJJK7ijuuQSECkoTlcmMbls/sendMessage "HTTP/1.1 200 OK"
2026-04-13 11:47:56,825 | INFO | HTTP Request: POST https://api.telegram.org/bot8782666061:AAHh0Fo2Q3XPaJJK7ijuuQSECkoTlcmMbls/getFile "HTTP/1.1 200 OK"
2026-04-13 11:47:57,235 | INFO | HTTP Request: GET https://api.telegram.org/file/bot8782666061%3AAAHh0Fo2Q3XPaJJK7ijuuQSECkoTlcmMbls/videos/file_274.mp4 "HTTP/1.1 200 OK"
2026-04-13 11:47:58,409 | INFO | تم تحميل الفيديو: downloads\BAACAgQAAxkBAAIGFGncBiSI-UgDGSl1x-CbRnIM8uDGAAJkCwACHmLlUhxvUamlzExaOwQ.mp4
2026-04-13 11:47:58,644 | INFO | HTTP Request: POST https://api.telegram.org/bot8782666061:AAHh0Fo2Q3XPaJJK7ijuuQSECkoTlcmMbls/editMessageText "HTTP/1.1 200 OK"
2026-04-13 11:47:58,710 | INFO | file_cache is only supported with oauth2client<4.0.0
2026-04-13 11:47:58,775 | INFO | ▶️ بدء الرفع على يوتيوب: ​​تم التنزيل عبر:
2026-04-13 11:48:02,787 | INFO | ✅ يوتيوب اكتمل: https://www.youtube.com/watch?v=BebVm9HBp6I
2026-04-13 11:48:02,789 | INFO | يوتيوب ✅: https://www.youtube.com/watch?v=BebVm9HBp6I
2026-04-13 11:48:03,012 | INFO | HTTP Request: POST https://api.telegram.org/bot8782666061:AAHh0Fo2Q3XPaJJK7ijuuQSECkoTlcmMbls/editMessageText "HTTP/1.1 200 OK"
2026-04-13 11:48:08,722 | INFO | Starting Instagram Reel post | URL: https://res.cloudinary.com/dejrsi3fd/video/upload/v1776070087/instagram_reels/fekwjwsv9j6a7kktycqo.mp4
2026-04-13 11:48:09,336 | INFO | Create container response: {'error': {'message': "Unsupported post request. Object with ID 'None' does not exist, cannot be loaded due to missing permissions, or does not support this operation. Please read the Graph API documentation at https://developers.facebook.com/docs/graph-api", 'type': 'GraphMethodException', 'code': 100, 'error_subcode': 33, 'fbtrace_id': 'A4XrK6idRmjYDEsrrwkHPGF'}}
2026-04-13 11:48:09,337 | ERROR | Failed to create container: {'error': {'message': "Unsupported post request. Object with ID 'None' does not exist, cannot be loaded due to missing permissions, or does not support this operation. Please read the Graph API documentation at https://developers.facebook.com/docs/graph-api", 'type': 'GraphMethodException', 'code': 100, 'error_subcode': 33, 'fbtrace_id': 'A4XrK6idRmjYDEsrrwkHPGF'}}
2026-04-13 11:48:09,339 | INFO | تم حذف الفيديو: downloads\BAACAgQAAxkBAAIGFGncBiSI-UgDGSl1x-CbRnIM8uDGAAJkCwACHmLlUhxvUamlzExaOwQ.mp4
2026-04-13 11:48:09,342 | INFO | HTTP Request: POST https://api.telegram.org/bot8782666061:AAHh0Fo2Q3XPaJJK7ijuuQSECkoTlcmMbls/getUpdates "HTTP/1.1 200 OK"
2026-04-13 11:48:09,950 | INFO | HTTP Request: POST https://api.telegram.org/bot8782666061:AAHh0Fo2Q3XPaJJK7ijuuQSECkoTlcmMbls/editMessageText "HTTP/1.1 200 OK"
2026-04-13 11:48:10,260 | INFO | HTTP Request: POST https://api.telegram.org/bot8782666061:AAHh0Fo2Q3XPaJJK7ijuuQSECkoTlcmMbls/sendMessage "HTTP/1.1 200 OK"
2026-04-13 11:48:10,473 | INFO | HTTP Request: POST https://api.telegram.org/bot8782666061:AAHh0Fo2Q3XPaJJK7ijuuQSECkoTlcmMbls/getFile "HTTP/1.1 200 OK"
2026-04-13 11:48:10,739 | INFO | HTTP Request: GET https://api.telegram.org/file/bot8782666061%3AAAHh0Fo2Q3XPaJJK7ijuuQSECkoTlcmMbls/videos/file_275.mp4 "HTTP/1.1 200 OK"
2026-04-13 11:48:12,086 | INFO | تم تحميل الفيديو: downloads\BAACAgQAAxkBAAIGFWncBiTRy45VpccROJOv7Mxqkv14AAIVCwACJg7cUsocfuNJNxSiOwQ.mp4
2026-04-13 11:48:12,346 | INFO | HTTP Request: POST https://api.telegram.org/bot8782666061:AAHh0Fo2Q3XPaJJK7ijuuQSECkoTlcmMbls/editMessageText "HTTP/1.1 200 OK"
2026-04-13 11:48:12,356 | INFO | file_cache is only supported with oauth2client<4.0.0
2026-04-13 11:48:12,413 | INFO | ▶️ بدء الرفع على يوتيوب: ​​تم التنزيل عبر:
2026-04-13 11:48:17,937 | INFO | ✅ يوتيوب اكتمل: https://www.youtube.com/watch?v=WTAdrwCcWa8
2026-04-13 11:48:17,938 | INFO | يوتيوب ✅: https://www.youtube.com/watch?v=WTAdrwCcWa8
2026-04-13 11:48:19,544 | INFO | HTTP Request: POST https://api.telegram.org/bot8782666061:AAHh0Fo2Q3XPaJJK7ijuuQSECkoTlcmMbls/getUpdates "HTTP/1.1 200 OK"
2026-04-13 11:48:19,610 | INFO | HTTP Request: POST https://api.telegram.org/bot8782666061:AAHh0Fo2Q3XPaJJK7ijuuQSECkoTlcmMbls/editMessageText "HTTP/1.1 200 OK"
2026-04-13 11:48:30,816 | INFO | Starting Instagram Reel post | URL: https://res.cloudinary.com/dejrsi3fd/video/upload/v1776070110/instagram_reels/fuhakabpctljpbybve6f.mp4
2026-04-13 11:48:31,358 | INFO | Create container response: {'error': {'message': "Unsupported post request. Object with ID 'None' does not exist, cannot be loaded due to missing permissions, or does not support this operation. Please read the Graph API documentation at https://developers.facebook.com/docs/graph-api", 'type': 'GraphMethodException', 'code': 100, 'error_subcode': 33, 'fbtrace_id': 'AdUt-az807S4b8tCE0jdDhM'}}
2026-04-13 11:48:31,359 | ERROR | Failed to create container: {'error': {'message': "Unsupported post request. Object with ID 'None' does not exist, cannot be loaded due to missing permissions, or does not support this operation. Please read the Graph API documentation at https://developers.facebook.com/docs/graph-api", 'type': 'GraphMethodException', 'code': 100, 'error_subcode': 33, 'fbtrace_id': 'AdUt-az807S4b8tCE0jdDhM'}}
2026-04-13 11:48:31,362 | INFO | تم حذف الفيديو: downloads\BAACAgQAAxkBAAIGFWncBiTRy45VpccROJOv7Mxqkv14AAIVCwACJg7cUsocfuNJNxSiOwQ.mp4
2026-04-13 11:48:31,368 | INFO | HTTP Request: POST https://api.telegram.org/bot8782666061:AAHh0Fo2Q3XPaJJK7ijuuQSECkoTlcmMbls/getUpdates "HTTP/1.1 200 OK"
2026-04-13 11:48:31,964 | INFO | HTTP Request: POST https://api.telegram.org/bot8782666061:AAHh0Fo2Q3XPaJJK7ijuuQSECkoTlcmMbls/editMessageText "HTTP/1.1 200 OK"
2026-04-13 11:48:32,196 | INFO | HTTP Request: POST https://api.telegram.org/bot8782666061:AAHh0Fo2Q3XPaJJK7ijuuQSECkoTlcmMbls/sendMessage "HTTP/1.1 200 OK"
2026-04-13 11:48:32,480 | INFO | HTTP Request: POST https://api.telegram.org/bot8782666061:AAHh0Fo2Q3XPaJJK7ijuuQSECkoTlcmMbls/getFile "HTTP/1.1 200 OK"
2026-04-13 11:48:32,779 | INFO | HTTP Request: GET https://api.telegram.org/file/bot8782666061%3AAAHh0Fo2Q3XPaJJK7ijuuQSECkoTlcmMbls/videos/file_276.mp4 "HTTP/1.1 200 OK"
2026-04-13 11:48:34,185 | INFO | تم تحميل الفيديو: downloads\BAACAgQAAxkBAAIGFmncBiRCzz7MOvyC5q9Ze7GcyEp0AAJSCwACQ7LkUk28VA1FiD0cOwQ.mp4
2026-04-13 11:48:34,404 | INFO | HTTP Request: POST https://api.telegram.org/bot8782666061:AAHh0Fo2Q3XPaJJK7ijuuQSECkoTlcmMbls/editMessageText "HTTP/1.1 200 OK"
2026-04-13 11:48:34,430 | INFO | file_cache is only supported with oauth2client<4.0.0
2026-04-13 11:48:34,471 | INFO | ▶️ بدء الرفع على يوتيوب: ​​تم التنزيل عبر:
2026-04-13 11:48:39,545 | INFO | ✅ يوتيوب اكتمل: https://www.youtube.com/watch?v=ngy4cQL8t8c
2026-04-13 11:48:39,546 | INFO | يوتيوب ✅: https://www.youtube.com/watch?v=ngy4cQL8t8c
2026-04-13 11:48:40,230 | INFO | HTTP Request: POST https://api.telegram.org/bot8782666061:AAHh0Fo2Q3XPaJJK7ijuuQSECkoTlcmMbls/editMessageText "HTTP/1.1 200 OK"
2026-04-13 11:48:50,709 | INFO | Starting Instagram Reel post | URL: https://res.cloudinary.com/dejrsi3fd/video/upload/v1776070129/instagram_reels/upmthfdgq1zf2wknoizg.mp4
2026-04-13 11:48:51,320 | INFO | Create container response: {'error': {'message': "Unsupported post request. Object with ID 'None' does not exist, cannot be loaded due to missing permissions, or does not support this operation. Please read the Graph API documentation at https://developers.facebook.com/docs/graph-api", 'type': 'GraphMethodException', 'code': 100, 'error_subcode': 33, 'fbtrace_id': 'Aiu0DZ_SugaUQjH8Dsd52qZ'}}
2026-04-13 11:48:51,321 | ERROR | Failed to create container: {'error': {'message': "Unsupported post request. Object with ID 'None' does not exist, cannot be loaded due to missing permissions, or does not support this operation. Please read the Graph API documentation at https://developers.facebook.com/docs/graph-api", 'type': 'GraphMethodException', 'code': 100, 'error_subcode': 33, 'fbtrace_id': 'Aiu0DZ_SugaUQjH8Dsd52qZ'}}
2026-04-13 11:48:51,325 | INFO | تم حذف الفيديو: downloads\BAACAgQAAxkBAAIGFmncBiRCzz7MOvyC5q9Ze7GcyEp0AAJSCwACQ7LkUk28VA1FiD0cOwQ.mp4
2026-04-13 11:48:51,332 | INFO | HTTP Request: POST https://api.telegram.org/bot8782666061:AAHh0Fo2Q3XPaJJK7ijuuQSECkoTlcmMbls/getUpdates "HTTP/1.1 200 OK"
2026-04-13 11:48:52,062 | INFO | HTTP Request: POST https://api.telegram.org/bot8782666061:AAHh0Fo2Q3XPaJJK7ijuuQSECkoTlcmMbls/editMessageText "HTTP/1.1 200 OK"
2026-04-13 11:48:52,345 | INFO | HTTP Request: POST https://api.telegram.org/bot8782666061:AAHh0Fo2Q3XPaJJK7ijuuQSECkoTlcmMbls/sendMessage "HTTP/1.1 200 OK"
2026-04-13 11:48:52,549 | INFO | HTTP Request: POST https://api.telegram.org/bot8782666061:AAHh0Fo2Q3XPaJJK7ijuuQSECkoTlcmMbls/getFile "HTTP/1.1 200 OK"
2026-04-13 11:48:52,859 | INFO | HTTP Request: GET https://api.telegram.org/file/bot8782666061%3AAAHh0Fo2Q3XPaJJK7ijuuQSECkoTlcmMbls/videos/file_277.mp4 "HTTP/1.1 200 OK"
2026-04-13 11:48:53,908 | INFO | تم تحميل الفيديو: downloads\BAACAgQAAxkBAAIGF2ncBiRe4X7QyW2zc-vRo1rFDbmqAAI0CwACvbnkUjH2idKko9tuOwQ.mp4
2026-04-13 11:48:54,197 | INFO | HTTP Request: POST https://api.telegram.org/bot8782666061:AAHh0Fo2Q3XPaJJK7ijuuQSECkoTlcmMbls/editMessageText "HTTP/1.1 200 OK"
2026-04-13 11:48:54,213 | INFO | file_cache is only supported with oauth2client<4.0.0
2026-04-13 11:48:54,307 | INFO | ▶️ بدء الرفع على يوتيوب: ​​تم التنزيل عبر:
2026-04-13 11:48:58,220 | INFO | ✅ يوتيوب اكتمل: https://www.youtube.com/watch?v=Fe2heh6G--s
2026-04-13 11:48:58,222 | INFO | يوتيوب ✅: https://www.youtube.com/watch?v=Fe2heh6G--s
2026-04-13 11:48:58,481 | INFO | HTTP Request: POST https://api.telegram.org/bot8782666061:AAHh0Fo2Q3XPaJJK7ijuuQSECkoTlcmMbls/editMessageText "HTTP/1.1 200 OK"
2026-04-13 11:49:02,998 | INFO | Starting Instagram Reel post | URL: https://res.cloudinary.com/dejrsi3fd/video/upload/v1776070142/instagram_reels/xlhmlhhzxxzrkcl1af8r.mp4
2026-04-13 11:49:03,600 | INFO | Create container response: {'error': {'message': "Unsupported post request. Object with ID 'None' does not exist, cannot be loaded due to missing permissions, or does not support this operation. Please read the Graph API documentation at https://developers.facebook.com/docs/graph-api", 'type': 'GraphMethodException', 'code': 100, 'error_subcode': 33, 'fbtrace_id': 'AfikTN5qkZxZZoJ6VRBLPE-'}}
2026-04-13 11:49:03,603 | ERROR | Failed to create container: {'error': {'message': "Unsupported post request. Object with ID 'None' does not exist, cannot be loaded due to missing permissions, or does not support this operation. Please read the Graph API documentation at https://developers.facebook.com/docs/graph-api", 'type': 'GraphMethodException', 'code': 100, 'error_subcode': 33, 'fbtrace_id': 'AfikTN5qkZxZZoJ6VRBLPE-'}}
2026-04-13 11:49:03,609 | INFO | تم حذف الفيديو: downloads\BAACAgQAAxkBAAIGF2ncBiRe4X7QyW2zc-vRo1rFDbmqAAI0CwACvbnkUjH2idKko9tuOwQ.mp4
2026-04-13 11:49:03,622 | INFO | HTTP Request: POST https://api.telegram.org/bot8782666061:AAHh0Fo2Q3XPaJJK7ijuuQSECkoTlcmMbls/getUpdates "HTTP/1.1 200 OK"
2026-04-13 11:49:04,251 | INFO | HTTP Request: POST https://api.telegram.org/bot8782666061:AAHh0Fo2Q3XPaJJK7ijuuQSECkoTlcmMbls/editMessageText "HTTP/1.1 200 OK"
2026-04-13 11:49:04,530 | INFO | HTTP Request: POST https://api.telegram.org/bot8782666061:AAHh0Fo2Q3XPaJJK7ijuuQSECkoTlcmMbls/sendMessage "HTTP/1.1 200 OK"
2026-04-13 11:49:04,792 | INFO | HTTP Request: POST https://api.telegram.org/bot8782666061:AAHh0Fo2Q3XPaJJK7ijuuQSECkoTlcmMbls/getFile "HTTP/1.1 200 OK"
2026-04-13 11:49:05,253 | INFO | HTTP Request: GET https://api.telegram.org/file/bot8782666061%3AAAHh0Fo2Q3XPaJJK7ijuuQSECkoTlcmMbls/videos/file_278.mp4 "HTTP/1.1 200 OK"
2026-04-13 11:49:09,403 | INFO | تم تحميل الفيديو: downloads\BAACAgQAAxkBAAIGGGncBiSEURbq7TmZ4it791AXH77TAALxCgACtPHlUl3LtMq6l1G_OwQ.mp4
2026-04-13 11:49:09,624 | INFO | HTTP Request: POST https://api.telegram.org/bot8782666061:AAHh0Fo2Q3XPaJJK7ijuuQSECkoTlcmMbls/editMessageText "HTTP/1.1 200 OK"
2026-04-13 11:49:09,637 | INFO | file_cache is only supported with oauth2client<4.0.0
2026-04-13 11:49:09,714 | INFO | ▶️ بدء الرفع على يوتيوب: ​​تم التنزيل عبر:
2026-04-13 11:49:19,771 | INFO |    يوتيوب: 49%
2026-04-13 11:49:29,344 | INFO |    يوتيوب: 99%
2026-04-13 11:49:30,243 | INFO | ✅ يوتيوب اكتمل: https://www.youtube.com/watch?v=ylMv3zmTJoM
2026-04-13 11:49:30,244 | INFO | يوتيوب ✅: https://www.youtube.com/watch?v=ylMv3zmTJoM
2026-04-13 11:49:30,253 | INFO | HTTP Request: POST https://api.telegram.org/bot8782666061:AAHh0Fo2Q3XPaJJK7ijuuQSECkoTlcmMbls/getUpdates "HTTP/1.1 200 OK"
2026-04-13 11:49:30,897 | INFO | HTTP Request: POST https://api.telegram.org/bot8782666061:AAHh0Fo2Q3XPaJJK7ijuuQSECkoTlcmMbls/editMessageText "HTTP/1.1 200 OK"
2026-04-13 11:50:17,958 | INFO | Starting Instagram Reel post | URL: https://res.cloudinary.com/dejrsi3fd/video/upload/v1776070216/instagram_reels/m1nrrfyxcfitxkacw2c5.mp4
2026-04-13 11:50:18,046 | ERROR | انستاغرام ❌: HTTPSConnectionPool(host='graph.facebook.com', port=443): Max retries exceeded with url: /v19.0/None/media?video_url=https%3A%2F%2Fres.cloudinary.com%2Fdejrsi3fd%2Fvideo%2Fupload%2Fv1776070216%2Finstagram_reels%2Fm1nrrfyxcfitxkacw2c5.mp4&caption=%E2%80%8B%E2%80%8B%D8%AA%D9%85+%D8%A7%D9%84%D8%AA%D9%86%D8%B2%D9%8A%D9%84+%D8%B9%D8%A8%D8%B1%3A%0A%40downloader_tiktok_bot&media_type=REELS&share_to_feed=true (Caused by ProxyError('Unable to connect to proxy. Your proxy appears to only use HTTP and not HTTPS, try changing your proxy URL to be HTTP. See: https://urllib3.readthedocs.io/en/latest/advanced-usage.html#https-proxy-error-http-proxy', SSLError(SSLError(1, '[SSL: WRONG_VERSION_NUMBER] wrong version number (_ssl.c:1123)'))))
2026-04-13 11:50:18,052 | INFO | تم حذف الفيديو: downloads\BAACAgQAAxkBAAIGGGncBiSEURbq7TmZ4it791AXH77TAALxCgACtPHlUl3LtMq6l1G_OwQ.mp4
2026-04-13 11:50:18,064 | INFO | HTTP Request: POST https://api.telegram.org/bot8782666061:AAHh0Fo2Q3XPaJJK7ijuuQSECkoTlcmMbls/getUpdates "HTTP/1.1 200 OK"
2026-04-13 11:50:18,746 | INFO | HTTP Request: POST https://api.telegram.org/bot8782666061:AAHh0Fo2Q3XPaJJK7ijuuQSECkoTlcmMbls/editMessageText "HTTP/1.1 200 OK"
2026-04-13 11:50:19,030 | INFO | HTTP Request: POST https://api.telegram.org/bot8782666061:AAHh0Fo2Q3XPaJJK7ijuuQSECkoTlcmMbls/sendMessage "HTTP/1.1 200 OK"
2026-04-13 11:50:19,283 | INFO | HTTP Request: POST https://api.telegram.org/bot8782666061:AAHh0Fo2Q3XPaJJK7ijuuQSECkoTlcmMbls/getFile "HTTP/1.1 200 OK"
2026-04-13 11:50:19,788 | INFO | HTTP Request: GET https://api.telegram.org/file/bot8782666061%3AAAHh0Fo2Q3XPaJJK7ijuuQSECkoTlcmMbls/videos/file_279.mp4 "HTTP/1.1 200 OK"
2026-04-13 11:50:21,719 | INFO | تم تحميل الفيديو: downloads\BAACAgQAAxkBAAIGGWncBiQt4RJSdvv2v3VuAs-6aVn3AAJqCwACxNLlUhU1GfKIa-OoOwQ.mp4
2026-04-13 11:50:21,971 | INFO | HTTP Request: POST https://api.telegram.org/bot8782666061:AAHh0Fo2Q3XPaJJK7ijuuQSECkoTlcmMbls/editMessageText "HTTP/1.1 200 OK"
2026-04-13 11:50:21,981 | INFO | file_cache is only supported with oauth2client<4.0.0
2026-04-13 11:50:22,046 | INFO | ▶️ بدء الرفع على يوتيوب: ​​تم التنزيل عبر:
2026-04-13 11:50:31,170 | INFO | ✅ يوتيوب اكتمل: https://www.youtube.com/watch?v=4EkwncAsit4
2026-04-13 11:50:31,171 | INFO | يوتيوب ✅: https://www.youtube.com/watch?v=4EkwncAsit4
2026-04-13 11:50:31,179 | INFO | HTTP Request: POST https://api.telegram.org/bot8782666061:AAHh0Fo2Q3XPaJJK7ijuuQSECkoTlcmMbls/getUpdates "HTTP/1.1 200 OK"
2026-04-13 11:50:31,770 | INFO | HTTP Request: POST https://api.telegram.org/bot8782666061:AAHh0Fo2Q3XPaJJK7ijuuQSECkoTlcmMbls/editMessageText "HTTP/1.1 200 OK"
2026-04-13 11:50:45,090 | INFO | Starting Instagram Reel post | URL: https://res.cloudinary.com/dejrsi3fd/video/upload/v1776070244/instagram_reels/pxc8j9bwwuz38p34zhvy.mp4
2026-04-13 11:50:45,168 | ERROR | انستاغرام ❌: HTTPSConnectionPool(host='graph.facebook.com', port=443): Max retries exceeded with url: /v19.0/None/media?video_url=https%3A%2F%2Fres.cloudinary.com%2Fdejrsi3fd%2Fvideo%2Fupload%2Fv1776070244%2Finstagram_reels%2Fpxc8j9bwwuz38p34zhvy.mp4&caption=%E2%80%8B%E2%80%8B%D8%AA%D9%85+%D8%A7%D9%84%D8%AA%D9%86%D8%B2%D9%8A%D9%84+%D8%B9%D8%A8%D8%B1%3A%0A%40downloader_tiktok_bot&media_type=REELS&share_to_feed=true (Caused by ProxyError('Unable to connect to proxy. Your proxy appears to only use HTTP and not HTTPS, try changing your proxy URL to be HTTP. See: https://urllib3.readthedocs.io/en/latest/advanced-usage.html#https-proxy-error-http-proxy', SSLError(SSLError(1, '[SSL: WRONG_VERSION_NUMBER] wrong version number (_ssl.c:1123)'))))
2026-04-13 11:50:45,172 | INFO | تم حذف الفيديو: downloads\BAACAgQAAxkBAAIGGWncBiQt4RJSdvv2v3VuAs-6aVn3AAJqCwACxNLlUhU1GfKIa-OoOwQ.mp4
2026-04-13 11:50:45,182 | INFO | HTTP Request: POST https://api.telegram.org/bot8782666061:AAHh0Fo2Q3XPaJJK7ijuuQSECkoTlcmMbls/getUpdates "HTTP/1.1 200 OK"
2026-04-13 11:50:45,900 | INFO | HTTP Request: POST https://api.telegram.org/bot8782666061:AAHh0Fo2Q3XPaJJK7ijuuQSECkoTlcmMbls/editMessageText "HTTP/1.1 200 OK"
2026-04-13 11:50:46,217 | INFO | HTTP Request: POST https://api.telegram.org/bot8782666061:AAHh0Fo2Q3XPaJJK7ijuuQSECkoTlcmMbls/sendMessage "HTTP/1.1 200 OK"
2026-04-13 11:50:46,523 | INFO | HTTP Request: POST https://api.telegram.org/bot8782666061:AAHh0Fo2Q3XPaJJK7ijuuQSECkoTlcmMbls/getFile "HTTP/1.1 200 OK"
2026-04-13 11:50:46,950 | INFO | HTTP Request: GET https://api.telegram.org/file/bot8782666061%3AAAHh0Fo2Q3XPaJJK7ijuuQSECkoTlcmMbls/videos/file_280.mp4 "HTTP/1.1 200 OK"
2026-04-13 11:50:48,356 | INFO | تم تحميل الفيديو: downloads\BAACAgQAAxkBAAIGGmncBiRcT1ctkXHaAhZtwNwcR1SXAAKPCgACfdDlUhNByFmCS5H4OwQ.mp4
2026-04-13 11:50:48,702 | INFO | HTTP Request: POST https://api.telegram.org/bot8782666061:AAHh0Fo2Q3XPaJJK7ijuuQSECkoTlcmMbls/editMessageText "HTTP/1.1 200 OK"
2026-04-13 11:50:48,713 | INFO | file_cache is only supported with oauth2client<4.0.0
2026-04-13 11:50:48,773 | INFO | ▶️ بدء الرفع على يوتيوب: ​​تم التنزيل عبر:
2026-04-13 11:50:54,536 | INFO | ✅ يوتيوب اكتمل: https://www.youtube.com/watch?v=W4mOIx9LyLs
2026-04-13 11:50:54,536 | INFO | يوتيوب ✅: https://www.youtube.com/watch?v=W4mOIx9LyLs
2026-04-13 11:50:55,352 | INFO | HTTP Request: POST https://api.telegram.org/bot8782666061:AAHh0Fo2Q3XPaJJK7ijuuQSECkoTlcmMbls/editMessageText "HTTP/1.1 200 OK"
2026-04-13 11:51:06,799 | INFO | Starting Instagram Reel post | URL: https://res.cloudinary.com/dejrsi3fd/video/upload/v1776070266/instagram_reels/pfuu74jvahok1keej54o.mp4
2026-04-13 11:51:06,870 | ERROR | انستاغرام ❌: HTTPSConnectionPool(host='graph.facebook.com', port=443): Max retries exceeded with url: /v19.0/None/media?video_url=https%3A%2F%2Fres.cloudinary.com%2Fdejrsi3fd%2Fvideo%2Fupload%2Fv1776070266%2Finstagram_reels%2Fpfuu74jvahok1keej54o.mp4&caption=%E2%80%8B%E2%80%8B%D8%AA%D9%85+%D8%A7%D9%84%D8%AA%D9%86%D8%B2%D9%8A%D9%84+%D8%B9%D8%A8%D8%B1%3A%0A%40downloader_tiktok_bot&media_type=REELS&share_to_feed=true (Caused by ProxyError('Unable to connect to proxy. Your proxy appears to only use HTTP and not HTTPS, try changing your proxy URL to be HTTP. See: https://urllib3.readthedocs.io/en/latest/advanced-usage.html#https-proxy-error-http-proxy', SSLError(SSLError(1, '[SSL: WRONG_VERSION_NUMBER] wrong version number (_ssl.c:1123)'))))
2026-04-13 11:51:06,873 | INFO | تم حذف الفيديو: downloads\BAACAgQAAxkBAAIGGmncBiRcT1ctkXHaAhZtwNwcR1SXAAKPCgACfdDlUhNByFmCS5H4OwQ.mp4
2026-04-13 11:51:06,882 | INFO | HTTP Request: POST https://api.telegram.org/bot8782666061:AAHh0Fo2Q3XPaJJK7ijuuQSECkoTlcmMbls/getUpdates "HTTP/1.1 200 OK"
2026-04-13 11:51:07,585 | INFO | HTTP Request: POST https://api.telegram.org/bot8782666061:AAHh0Fo2Q3XPaJJK7ijuuQSECkoTlcmMbls/editMessageText "HTTP/1.1 200 OK"
2026-04-13 11:51:07,832 | INFO | HTTP Request: POST https://api.telegram.org/bot8782666061:AAHh0Fo2Q3XPaJJK7ijuuQSECkoTlcmMbls/sendMessage "HTTP/1.1 200 OK"
2026-04-13 11:51:08,043 | INFO | HTTP Request: POST https://api.telegram.org/bot8782666061:AAHh0Fo2Q3XPaJJK7ijuuQSECkoTlcmMbls/getFile "HTTP/1.1 200 OK"
2026-04-13 11:51:08,338 | INFO | HTTP Request: GET https://api.telegram.org/file/bot8782666061%3AAAHh0Fo2Q3XPaJJK7ijuuQSECkoTlcmMbls/videos/file_281.mp4 "HTTP/1.1 200 OK"
2026-04-13 11:51:09,634 | INFO | تم تحميل الفيديو: downloads\BAACAgQAAxkBAAIGG2ncBiRNjyWLdBMWTyITfnAudGvxAAJVCgACRyTdUtWjckiCByciOwQ.mp4
2026-04-13 11:51:09,872 | INFO | HTTP Request: POST https://api.telegram.org/bot8782666061:AAHh0Fo2Q3XPaJJK7ijuuQSECkoTlcmMbls/editMessageText "HTTP/1.1 200 OK"
2026-04-13 11:51:09,883 | INFO | file_cache is only supported with oauth2client<4.0.0
2026-04-13 11:51:09,945 | INFO | ▶️ بدء الرفع على يوتيوب: ​​تم التنزيل عبر:
2026-04-13 11:51:14,071 | INFO | ✅ يوتيوب اكتمل: https://www.youtube.com/watch?v=QoVCpt0K5mA
2026-04-13 11:51:14,072 | INFO | يوتيوب ✅: https://www.youtube.com/watch?v=QoVCpt0K5mA
2026-04-13 11:51:14,395 | INFO | HTTP Request: POST https://api.telegram.org/bot8782666061:AAHh0Fo2Q3XPaJJK7ijuuQSECkoTlcmMbls/editMessageText "HTTP/1.1 200 OK"
2026-04-13 11:51:22,480 | INFO | Starting Instagram Reel post | URL: https://res.cloudinary.com/dejrsi3fd/video/upload/v1776070281/instagram_reels/euif2mbxasdpuhdc27su.mp4
2026-04-13 11:51:22,570 | ERROR | انستاغرام ❌: HTTPSConnectionPool(host='graph.facebook.com', port=443): Max retries exceeded with url: /v19.0/None/media?video_url=https%3A%2F%2Fres.cloudinary.com%2Fdejrsi3fd%2Fvideo%2Fupload%2Fv1776070281%2Finstagram_reels%2Feuif2mbxasdpuhdc27su.mp4&caption=%E2%80%8B%E2%80%8B%D8%AA%D9%85+%D8%A7%D9%84%D8%AA%D9%86%D8%B2%D9%8A%D9%84+%D8%B9%D8%A8%D8%B1%3A%0A%40downloader_tiktok_bot&media_type=REELS&share_to_feed=true (Caused by ProxyError('Unable to connect to proxy. Your proxy appears to only use HTTP and not HTTPS, try changing your proxy URL to be HTTP. See: https://urllib3.readthedocs.io/en/latest/advanced-usage.html#https-proxy-error-http-proxy', SSLError(SSLError(1, '[SSL: WRONG_VERSION_NUMBER] wrong version number (_ssl.c:1123)'))))
2026-04-13 11:51:22,574 | INFO | تم حذف الفيديو: downloads\BAACAgQAAxkBAAIGG2ncBiRNjyWLdBMWTyITfnAudGvxAAJVCgACRyTdUtWjckiCByciOwQ.mp4
2026-04-13 11:51:22,586 | INFO | HTTP Request: POST https://api.telegram.org/bot8782666061:AAHh0Fo2Q3XPaJJK7ijuuQSECkoTlcmMbls/getUpdates "HTTP/1.1 200 OK"
2026-04-13 11:51:23,171 | INFO | HTTP Request: POST https://api.telegram.org/bot8782666061:AAHh0Fo2Q3XPaJJK7ijuuQSECkoTlcmMbls/editMessageText "HTTP/1.1 200 OK"
2026-04-13 11:51:23,407 | INFO | HTTP Request: POST https://api.telegram.org/bot8782666061:AAHh0Fo2Q3XPaJJK7ijuuQSECkoTlcmMbls/sendMessage "HTTP/1.1 200 OK"
2026-04-13 11:51:23,599 | INFO | HTTP Request: POST https://api.telegram.org/bot8782666061:AAHh0Fo2Q3XPaJJK7ijuuQSECkoTlcmMbls/getFile "HTTP/1.1 200 OK"
2026-04-13 11:51:23,858 | INFO | HTTP Request: GET https://api.telegram.org/file/bot8782666061%3AAAHh0Fo2Q3XPaJJK7ijuuQSECkoTlcmMbls/videos/file_282.mp4 "HTTP/1.1 200 OK"
2026-04-13 11:51:25,612 | INFO | تم تحميل الفيديو: downloads\BAACAgQAAxkBAAIGHGncBiTIpQRjIkJloHA0n8MahDVkAAJFCwAC5QLdUlLMqsbnVH-7OwQ.mp4
2026-04-13 11:51:25,884 | INFO | HTTP Request: POST https://api.telegram.org/bot8782666061:AAHh0Fo2Q3XPaJJK7ijuuQSECkoTlcmMbls/editMessageText "HTTP/1.1 200 OK"
2026-04-13 11:51:25,890 | INFO | file_cache is only supported with oauth2client<4.0.0
2026-04-13 11:51:25,927 | INFO | ▶️ بدء الرفع على يوتيوب: ​​تم التنزيل عبر:
2026-04-13 11:51:32,809 | INFO | ✅ يوتيوب اكتمل: https://www.youtube.com/watch?v=5QKF524LgYs
2026-04-13 11:51:32,809 | INFO | يوتيوب ✅: https://www.youtube.com/watch?v=5QKF524LgYs
2026-04-13 11:51:32,819 | INFO | HTTP Request: POST https://api.telegram.org/bot8782666061:AAHh0Fo2Q3XPaJJK7ijuuQSECkoTlcmMbls/getUpdates "HTTP/1.1 200 OK"
2026-04-13 11:51:33,489 | INFO | HTTP Request: POST https://api.telegram.org/bot8782666061:AAHh0Fo2Q3XPaJJK7ijuuQSECkoTlcmMbls/editMessageText "HTTP/1.1 200 OK"
2026-04-13 11:51:54,274 | INFO | Starting Instagram Reel post | URL: https://res.cloudinary.com/dejrsi3fd/video/upload/v1776070313/instagram_reels/peksydefs0lsdtwik5fx.mp4
2026-04-13 11:51:54,369 | ERROR | انستاغرام ❌: HTTPSConnectionPool(host='graph.facebook.com', port=443): Max retries exceeded with url: /v19.0/None/media?video_url=https%3A%2F%2Fres.cloudinary.com%2Fdejrsi3fd%2Fvideo%2Fupload%2Fv1776070313%2Finstagram_reels%2Fpeksydefs0lsdtwik5fx.mp4&caption=%E2%80%8B%E2%80%8B%D8%AA%D9%85+%D8%A7%D9%84%D8%AA%D9%86%D8%B2%D9%8A%D9%84+%D8%B9%D8%A8%D8%B1%3A%0A%40downloader_tiktok_bot&media_type=REELS&share_to_feed=true (Caused by ProxyError('Unable to connect to proxy. Your proxy appears to only use HTTP and not HTTPS, try changing your proxy URL to be HTTP. See: https://urllib3.readthedocs.io/en/latest/advanced-usage.html#https-proxy-error-http-proxy', SSLError(SSLError(1, '[SSL: WRONG_VERSION_NUMBER] wrong version number (_ssl.c:1123)'))))
2026-04-13 11:51:54,374 | INFO | تم حذف الفيديو: downloads\BAACAgQAAxkBAAIGHGncBiTIpQRjIkJloHA0n8MahDVkAAJFCwAC5QLdUlLMqsbnVH-7OwQ.mp4
2026-04-13 11:51:54,395 | INFO | HTTP Request: POST https://api.telegram.org/bot8782666061:AAHh0Fo2Q3XPaJJK7ijuuQSECkoTlcmMbls/getUpdates "HTTP/1.1 200 OK"
2026-04-13 11:51:55,044 | INFO | HTTP Request: POST https://api.telegram.org/bot8782666061:AAHh0Fo2Q3XPaJJK7ijuuQSECkoTlcmMbls/editMessageText "HTTP/1.1 200 OK"
2026-04-13 11:52:04,656 | INFO | HTTP Request: POST https://api.telegram.org/bot8782666061:AAHh0Fo2Q3XPaJJK7ijuuQSECkoTlcmMbls/getUpdates "HTTP/1.1 200 OK"
2026-04-13 11:52:14,897 | INFO | HTTP Request: POST https://api.telegram.org/bot8782666061:AAHh0Fo2Q3XPaJJK7ijuuQSECkoTlcmMbls/getUpdates "HTTP/1.1 200 OK"
2026-04-13 11:52:25,112 | INFO | HTTP Request: POST https://api.telegram.org/bot8782666061:AAHh0Fo2Q3XPaJJK7ijuuQSECkoTlcmMbls/getUpdates "HTTP/1.1 200 OK"
2026-04-13 11:52:35,337 | INFO | HTTP Request: POST https://api.telegram.org/bot8782666061:AAHh0Fo2Q3XPaJJK7ijuuQSECkoTlcmMbls/getUpdates "HTTP/1.1 200 OK"
2026-04-13 11:52:45,619 | INFO | HTTP Request: POST https://api.telegram.org/bot8782666061:AAHh0Fo2Q3XPaJJK7ijuuQSECkoTlcmMbls/getUpdates "HTTP/1.1 200 OK"
2026-04-13 11:52:55,838 | INFO | HTTP Request: POST https://api.telegram.org/bot8782666061:AAHh0Fo2Q3XPaJJK7ijuuQSECkoTlcmMbls/getUpdates "HTTP/1.1 200 OK"
2026-04-13 11:53:06,100 | INFO | HTTP Request: POST https://api.telegram.org/bot8782666061:AAHh0Fo2Q3XPaJJK7ijuuQSECkoTlcmMbls/getUpdates "HTTP/1.1 200 OK"
2026-04-13 11:53:16,339 | INFO | HTTP Request: POST https://api.telegram.org/bot8782666061:AAHh0Fo2Q3XPaJJK7ijuuQSECkoTlcmMbls/getUpdates "HTTP/1.1 200 OK"
2026-04-13 11:53:26,561 | INFO | HTTP Request: POST https://api.telegram.org/bot8782666061:AAHh0Fo2Q3XPaJJK7ijuuQSECkoTlcmMbls/getUpdates "HTTP/1.1 200 OK"
2026-04-13 11:53:36,818 | INFO | HTTP Request: POST https://api.telegram.org/bot8782666061:AAHh0Fo2Q3XPaJJK7ijuuQSECkoTlcmMbls/getUpdates "HTTP/1.1 200 OK"
2026-04-13 11:53:47,045 | INFO | HTTP Request: POST https://api.telegram.org/bot8782666061:AAHh0Fo2Q3XPaJJK7ijuuQSECkoTlcmMbls/getUpdates "HTTP/1.1 200 OK"
2026-04-13 11:53:57,297 | INFO | HTTP Request: POST https://api.telegram.org/bot8782666061:AAHh0Fo2Q3XPaJJK7ijuuQSECkoTlcmMbls/getUpdates "HTTP/1.1 200 OK"
2026-04-13 11:53:58,994 | INFO | HTTP Request: POST https://api.telegram.org/bot8782666061:AAHh0Fo2Q3XPaJJK7ijuuQSECkoTlcmMbls/getUpdates "HTTP/1.1 200 OK"
2026-04-13 11:53:59,758 | INFO | HTTP Request: POST https://api.telegram.org/bot8782666061:AAHh0Fo2Q3XPaJJK7ijuuQSECkoTlcmMbls/sendMessage "HTTP/1.1 200 OK"
2026-04-13 11:53:59,960 | INFO | HTTP Request: POST https://api.telegram.org/bot8782666061:AAHh0Fo2Q3XPaJJK7ijuuQSECkoTlcmMbls/getFile "HTTP/1.1 200 OK"
2026-04-13 11:54:00,270 | INFO | HTTP Request: GET https://api.telegram.org/file/bot8782666061%3AAAHh0Fo2Q3XPaJJK7ijuuQSECkoTlcmMbls/videos/file_273.mp4 "HTTP/1.1 200 OK"
2026-04-13 11:54:02,717 | INFO | تم تحميل الفيديو: downloads\BAACAgQAAxkBAAIGE2ncBiQF_KPUEPgcratpV9Nuxz0JAAKfCgACfzfVUsqv89XLRtO2OwQ.mp4
2026-04-13 11:54:03,032 | INFO | HTTP Request: POST https://api.telegram.org/bot8782666061:AAHh0Fo2Q3XPaJJK7ijuuQSECkoTlcmMbls/editMessageText "HTTP/1.1 200 OK"
2026-04-13 11:54:03,072 | INFO | file_cache is only supported with oauth2client<4.0.0
2026-04-13 11:54:03,157 | INFO | ▶️ بدء الرفع على يوتيوب: ​​تم التنزيل عبر:
2026-04-13 11:54:11,327 | INFO | ✅ يوتيوب اكتمل: https://www.youtube.com/watch?v=qm8JgBlhu90
2026-04-13 11:54:11,328 | INFO | يوتيوب ✅: https://www.youtube.com/watch?v=qm8JgBlhu90
2026-04-13 11:54:11,334 | INFO | HTTP Request: POST https://api.telegram.org/bot8782666061:AAHh0Fo2Q3XPaJJK7ijuuQSECkoTlcmMbls/getUpdates "HTTP/1.1 200 OK"
2026-04-13 11:54:11,980 | INFO | HTTP Request: POST https://api.telegram.org/bot8782666061:AAHh0Fo2Q3XPaJJK7ijuuQSECkoTlcmMbls/editMessageText "HTTP/1.1 200 OK"
2026-04-13 11:54:36,213 | INFO | Starting Instagram Reel post | URL: https://res.cloudinary.com/dejrsi3fd/video/upload/v1776070475/instagram_reels/z94dijr8recckoy88hb9.mp4
2026-04-13 11:54:36,827 | INFO | Create container response: {'error': {'message': "Unsupported post request. Object with ID 'None' does not exist, cannot be loaded due to missing permissions, or does not support this operation. Please read the Graph API documentation at https://developers.facebook.com/docs/graph-api", 'type': 'GraphMethodException', 'code': 100, 'error_subcode': 33, 'fbtrace_id': 'ApgajM1v8aiNUq8DG_heQRa'}}
2026-04-13 11:54:36,829 | ERROR | Failed to create container: {'error': {'message': "Unsupported post request. Object with ID 'None' does not exist, cannot be loaded due to missing permissions, or does not support this operation. Please read the Graph API documentation at https://developers.facebook.com/docs/graph-api", 'type': 'GraphMethodException', 'code': 100, 'error_subcode': 33, 'fbtrace_id': 'ApgajM1v8aiNUq8DG_heQRa'}}
2026-04-13 11:54:36,835 | INFO | تم حذف الفيديو: downloads\BAACAgQAAxkBAAIGE2ncBiQF_KPUEPgcratpV9Nuxz0JAAKfCgACfzfVUsqv89XLRtO2OwQ.mp4
2026-04-13 11:54:36,843 | INFO | HTTP Request: POST https://api.telegram.org/bot8782666061:AAHh0Fo2Q3XPaJJK7ijuuQSECkoTlcmMbls/getUpdates "HTTP/1.1 200 OK"
2026-04-13 11:54:37,748 | INFO | HTTP Request: POST https://api.telegram.org/bot8782666061:AAHh0Fo2Q3XPaJJK7ijuuQSECkoTlcmMbls/editMessageText "HTTP/1.1 200 OK"
2026-04-13 11:54:47,277 | INFO | HTTP Request: POST https://api.telegram.org/bot8782666061:AAHh0Fo2Q3XPaJJK7ijuuQSECkoTlcmMbls/getUpdates "HTTP/1.1 200 OK"
2026-04-13 11:54:57,518 | INFO | HTTP Request: POST https://api.telegram.org/bot8782666061:AAHh0Fo2Q3XPaJJK7ijuuQSECkoTlcmMbls/getUpdates "HTTP/1.1 200 OK"
2026-04-13 11:55:07,748 | INFO | HTTP Request: POST https://api.telegram.org/bot8782666061:AAHh0Fo2Q3XPaJJK7ijuuQSECkoTlcmMbls/getUpdates "HTTP/1.1 200 OK"
2026-04-13 11:55:17,983 | INFO | HTTP Request: POST https://api.telegram.org/bot8782666061:AAHh0Fo2Q3XPaJJK7ijuuQSECkoTlcmMbls/getUpdates "HTTP/1.1 200 OK"
2026-04-13 11:55:28,228 | INFO | HTTP Request: POST https://api.telegram.org/bot8782666061:AAHh0Fo2Q3XPaJJK7ijuuQSECkoTlcmMbls/getUpdates "HTTP/1.1 200 OK"
2026-04-13 11:55:38,473 | INFO | HTTP Request: POST https://api.telegram.org/bot8782666061:AAHh0Fo2Q3XPaJJK7ijuuQSECkoTlcmMbls/getUpdates "HTTP/1.1 200 OK"
2026-04-13 11:55:48,673 | INFO | HTTP Request: POST https://api.telegram.org/bot8782666061:AAHh0Fo2Q3XPaJJK7ijuuQSECkoTlcmMbls/getUpdates "HTTP/1.1 200 OK"
2026-04-13 11:55:58,952 | INFO | HTTP Request: POST https://api.telegram.org/bot8782666061:AAHh0Fo2Q3XPaJJK7ijuuQSECkoTlcmMbls/getUpdates "HTTP/1.1 200 OK"
2026-04-13 11:56:09,192 | INFO | HTTP Request: POST https://api.telegram.org/bot8782666061:AAHh0Fo2Q3XPaJJK7ijuuQSECkoTlcmMbls/getUpdates "HTTP/1.1 200 OK"
2026-04-13 11:56:19,401 | INFO | HTTP Request: POST https://api.telegram.org/bot8782666061:AAHh0Fo2Q3XPaJJK7ijuuQSECkoTlcmMbls/getUpdates "HTTP/1.1 200 OK"
2026-04-13 11:56:29,670 | INFO | HTTP Request: POST https://api.telegram.org/bot8782666061:AAHh0Fo2Q3XPaJJK7ijuuQSECkoTlcmMbls/getUpdates "HTTP/1.1 200 OK"
2026-04-13 11:56:39,876 | INFO | HTTP Request: POST https://api.telegram.org/bot8782666061:AAHh0Fo2Q3XPaJJK7ijuuQSECkoTlcmMbls/getUpdates "HTTP/1.1 200 OK"
2026-04-13 11:56:50,082 | INFO | HTTP Request: POST https://api.telegram.org/bot8782666061:AAHh0Fo2Q3XPaJJK7ijuuQSECkoTlcmMbls/getUpdates "HTTP/1.1 200 OK"
2026-04-13 11:57:00,394 | INFO | HTTP Request: POST https://api.telegram.org/bot8782666061:AAHh0Fo2Q3XPaJJK7ijuuQSECkoTlcmMbls/getUpdates "HTTP/1.1 200 OK"
2026-04-13 11:57:10,599 | INFO | HTTP Request: POST https://api.telegram.org/bot8782666061:AAHh0Fo2Q3XPaJJK7ijuuQSECkoTlcmMbls/getUpdates "HTTP/1.1 200 OK"
2026-04-13 11:57:20,807 | INFO | HTTP Request: POST https://api.telegram.org/bot8782666061:AAHh0Fo2Q3XPaJJK7ijuuQSECkoTlcmMbls/getUpdates "HTTP/1.1 200 OK"
2026-04-13 11:57:31,008 | INFO | HTTP Request: POST https://api.telegram.org/bot8782666061:AAHh0Fo2Q3XPaJJK7ijuuQSECkoTlcmMbls/getUpdates "HTTP/1.1 200 OK"
2026-04-13 11:57:41,225 | INFO | HTTP Request: POST https://api.telegram.org/bot8782666061:AAHh0Fo2Q3XPaJJK7ijuuQSECkoTlcmMbls/getUpdates "HTTP/1.1 200 OK"
2026-04-13 11:57:51,493 | INFO | HTTP Request: POST https://api.telegram.org/bot8782666061:AAHh0Fo2Q3XPaJJK7ijuuQSECkoTlcmMbls/getUpdates "HTTP/1.1 200 OK"
2026-04-13 11:58:01,713 | INFO | HTTP Request: POST https://api.telegram.org/bot8782666061:AAHh0Fo2Q3XPaJJK7ijuuQSECkoTlcmMbls/getUpdates "HTTP/1.1 200 OK"
2026-04-13 11:58:11,975 | INFO | HTTP Request: POST https://api.telegram.org/bot8782666061:AAHh0Fo2Q3XPaJJK7ijuuQSECkoTlcmMbls/getUpdates "HTTP/1.1 200 OK"
2026-04-13 11:58:22,228 | INFO | HTTP Request: POST https://api.telegram.org/bot8782666061:AAHh0Fo2Q3XPaJJK7ijuuQSECkoTlcmMbls/getUpdates "HTTP/1.1 200 OK"
2026-04-13 11:58:32,456 | INFO | HTTP Request: POST https://api.telegram.org/bot8782666061:AAHh0Fo2Q3XPaJJK7ijuuQSECkoTlcmMbls/getUpdates "HTTP/1.1 200 OK"
2026-04-13 11:58:42,797 | INFO | HTTP Request: POST https://api.telegram.org/bot8782666061:AAHh0Fo2Q3XPaJJK7ijuuQSECkoTlcmMbls/getUpdates "HTTP/1.1 200 OK"
2026-04-13 11:58:53,038 | INFO | HTTP Request: POST https://api.telegram.org/bot8782666061:AAHh0Fo2Q3XPaJJK7ijuuQSECkoTlcmMbls/getUpdates "HTTP/1.1 200 OK"
2026-04-13 11:59:03,278 | INFO | HTTP Request: POST https://api.telegram.org/bot8782666061:AAHh0Fo2Q3XPaJJK7ijuuQSECkoTlcmMbls/getUpdates "HTTP/1.1 200 OK"
2026-04-13 11:59:13,517 | INFO | HTTP Request: POST https://api.telegram.org/bot8782666061:AAHh0Fo2Q3XPaJJK7ijuuQSECkoTlcmMbls/getUpdates "HTTP/1.1 200 OK"
2026-04-13 11:59:23,759 | INFO | HTTP Request: POST https://api.telegram.org/bot8782666061:AAHh0Fo2Q3XPaJJK7ijuuQSECkoTlcmMbls/getUpdates "HTTP/1.1 200 OK"
2026-04-13 11:59:33,975 | INFO | HTTP Request: POST https://api.telegram.org/bot8782666061:AAHh0Fo2Q3XPaJJK7ijuuQSECkoTlcmMbls/getUpdates "HTTP/1.1 200 OK"
2026-04-13 11:59:44,238 | INFO | HTTP Request: POST https://api.telegram.org/bot8782666061:AAHh0Fo2Q3XPaJJK7ijuuQSECkoTlcmMbls/getUpdates "HTTP/1.1 200 OK"
2026-04-13 11:59:54,479 | INFO | HTTP Request: POST https://api.telegram.org/bot8782666061:AAHh0Fo2Q3XPaJJK7ijuuQSECkoTlcmMbls/getUpdates "HTTP/1.1 200 OK"
2026-04-13 12:00:04,720 | INFO | HTTP Request: POST https://api.telegram.org/bot8782666061:AAHh0Fo2Q3XPaJJK7ijuuQSECkoTlcmMbls/getUpdates "HTTP/1.1 200 OK"
2026-04-13 12:00:14,963 | INFO | HTTP Request: POST https://api.telegram.org/bot8782666061:AAHh0Fo2Q3XPaJJK7ijuuQSECkoTlcmMbls/getUpdates "HTTP/1.1 200 OK"
2026-04-13 12:00:25,200 | INFO | HTTP Request: POST https://api.telegram.org/bot8782666061:AAHh0Fo2Q3XPaJJK7ijuuQSECkoTlcmMbls/getUpdates "HTTP/1.1 200 OK"
2026-04-13 12:00:35,418 | INFO | HTTP Request: POST https://api.telegram.org/bot8782666061:AAHh0Fo2Q3XPaJJK7ijuuQSECkoTlcmMbls/getUpdates "HTTP/1.1 200 OK"
2026-04-13 12:00:45,788 | INFO | HTTP Request: POST https://api.telegram.org/bot8782666061:AAHh0Fo2Q3XPaJJK7ijuuQSECkoTlcmMbls/getUpdates "HTTP/1.1 200 OK"
2026-04-13 12:00:56,524 | INFO | HTTP Request: POST https://api.telegram.org/bot8782666061:AAHh0Fo2Q3XPaJJK7ijuuQSECkoTlcmMbls/getUpdates "HTTP/1.1 200 OK"
2026-04-13 12:01:06,773 | INFO | HTTP Request: POST https://api.telegram.org/bot8782666061:AAHh0Fo2Q3XPaJJK7ijuuQSECkoTlcmMbls/getUpdates "HTTP/1.1 200 OK"
2026-04-13 12:01:17,015 | INFO | HTTP Request: POST https://api.telegram.org/bot8782666061:AAHh0Fo2Q3XPaJJK7ijuuQSECkoTlcmMbls/getUpdates "HTTP/1.1 200 OK"
2026-04-13 12:01:27,221 | INFO | HTTP Request: POST https://api.telegram.org/bot8782666061:AAHh0Fo2Q3XPaJJK7ijuuQSECkoTlcmMbls/getUpdates "HTTP/1.1 200 OK"
2026-04-13 12:01:37,452 | INFO | HTTP Request: POST https://api.telegram.org/bot8782666061:AAHh0Fo2Q3XPaJJK7ijuuQSECkoTlcmMbls/getUpdates "HTTP/1.1 200 OK"
2026-04-13 12:01:47,711 | INFO | HTTP Request: POST https://api.telegram.org/bot8782666061:AAHh0Fo2Q3XPaJJK7ijuuQSECkoTlcmMbls/getUpdates "HTTP/1.1 200 OK"
2026-04-13 12:01:57,975 | INFO | HTTP Request: POST https://api.telegram.org/bot8782666061:AAHh0Fo2Q3XPaJJK7ijuuQSECkoTlcmMbls/getUpdates "HTTP/1.1 200 OK"
2026-04-13 12:02:08,185 | INFO | HTTP Request: POST https://api.telegram.org/bot8782666061:AAHh0Fo2Q3XPaJJK7ijuuQSECkoTlcmMbls/getUpdates "HTTP/1.1 200 OK"
2026-04-13 12:02:18,394 | INFO | HTTP Request: POST https://api.telegram.org/bot8782666061:AAHh0Fo2Q3XPaJJK7ijuuQSECkoTlcmMbls/getUpdates "HTTP/1.1 200 OK"
2026-04-13 12:02:28,604 | INFO | HTTP Request: POST https://api.telegram.org/bot8782666061:AAHh0Fo2Q3XPaJJK7ijuuQSECkoTlcmMbls/getUpdates "HTTP/1.1 200 OK"
2026-04-13 12:02:38,812 | INFO | HTTP Request: POST https://api.telegram.org/bot8782666061:AAHh0Fo2Q3XPaJJK7ijuuQSECkoTlcmMbls/getUpdates "HTTP/1.1 200 OK"
2026-04-13 12:02:49,039 | INFO | HTTP Request: POST https://api.telegram.org/bot8782666061:AAHh0Fo2Q3XPaJJK7ijuuQSECkoTlcmMbls/getUpdates "HTTP/1.1 200 OK"
2026-04-13 12:02:59,255 | INFO | HTTP Request: POST https://api.telegram.org/bot8782666061:AAHh0Fo2Q3XPaJJK7ijuuQSECkoTlcmMbls/getUpdates "HTTP/1.1 200 OK"
2026-04-13 12:03:09,472 | INFO | HTTP Request: POST https://api.telegram.org/bot8782666061:AAHh0Fo2Q3XPaJJK7ijuuQSECkoTlcmMbls/getUpdates "HTTP/1.1 200 OK"
2026-04-13 12:03:19,896 | INFO | HTTP Request: POST https://api.telegram.org/bot8782666061:AAHh0Fo2Q3XPaJJK7ijuuQSECkoTlcmMbls/getUpdates "HTTP/1.1 200 OK"
2026-04-13 12:03:30,131 | INFO | HTTP Request: POST https://api.telegram.org/bot8782666061:AAHh0Fo2Q3XPaJJK7ijuuQSECkoTlcmMbls/getUpdates "HTTP/1.1 200 OK"
2026-04-13 12:03:40,377 | INFO | HTTP Request: POST https://api.telegram.org/bot8782666061:AAHh0Fo2Q3XPaJJK7ijuuQSECkoTlcmMbls/getUpdates "HTTP/1.1 200 OK"
2026-04-13 12:03:50,587 | INFO | HTTP Request: POST https://api.telegram.org/bot8782666061:AAHh0Fo2Q3XPaJJK7ijuuQSECkoTlcmMbls/getUpdates "HTTP/1.1 200 OK"
2026-04-13 12:04:00,810 | INFO | HTTP Request: POST https://api.telegram.org/bot8782666061:AAHh0Fo2Q3XPaJJK7ijuuQSECkoTlcmMbls/getUpdates "HTTP/1.1 200 OK"
2026-04-13 12:04:11,019 | INFO | HTTP Request: POST https://api.telegram.org/bot8782666061:AAHh0Fo2Q3XPaJJK7ijuuQSECkoTlcmMbls/getUpdates "HTTP/1.1 200 OK"
2026-04-13 12:04:21,243 | INFO | HTTP Request: POST https://api.telegram.org/bot8782666061:AAHh0Fo2Q3XPaJJK7ijuuQSECkoTlcmMbls/getUpdates "HTTP/1.1 200 OK"
2026-04-13 12:04:31,477 | INFO | HTTP Request: POST https://api.telegram.org/bot8782666061:AAHh0Fo2Q3XPaJJK7ijuuQSECkoTlcmMbls/getUpdates "HTTP/1.1 200 OK"
2026-04-13 12:04:41,701 | INFO | HTTP Request: POST https://api.telegram.org/bot8782666061:AAHh0Fo2Q3XPaJJK7ijuuQSECkoTlcmMbls/getUpdates "HTTP/1.1 200 OK"
2026-04-13 12:04:51,895 | INFO | HTTP Request: POST https://api.telegram.org/bot8782666061:AAHh0Fo2Q3XPaJJK7ijuuQSECkoTlcmMbls/getUpdates "HTTP/1.1 200 OK"
2026-04-13 12:05:02,116 | INFO | HTTP Request: POST https://api.telegram.org/bot8782666061:AAHh0Fo2Q3XPaJJK7ijuuQSECkoTlcmMbls/getUpdates "HTTP/1.1 200 OK"
2026-04-13 12:05:12,339 | INFO | HTTP Request: POST https://api.telegram.org/bot8782666061:AAHh0Fo2Q3XPaJJK7ijuuQSECkoTlcmMbls/getUpdates "HTTP/1.1 200 OK"
2026-04-13 12:05:22,549 | INFO | HTTP Request: POST https://api.telegram.org/bot8782666061:AAHh0Fo2Q3XPaJJK7ijuuQSECkoTlcmMbls/getUpdates "HTTP/1.1 200 OK"
2026-04-13 12:05:32,764 | INFO | HTTP Request: POST https://api.telegram.org/bot8782666061:AAHh0Fo2Q3XPaJJK7ijuuQSECkoTlcmMbls/getUpdates "HTTP/1.1 200 OK"
2026-04-13 12:05:43,384 | INFO | HTTP Request: POST https://api.telegram.org/bot8782666061:AAHh0Fo2Q3XPaJJK7ijuuQSECkoTlcmMbls/getUpdates "HTTP/1.1 200 OK"
2026-04-13 12:05:53,706 | INFO | HTTP Request: POST https://api.telegram.org/bot8782666061:AAHh0Fo2Q3XPaJJK7ijuuQSECkoTlcmMbls/getUpdates "HTTP/1.1 200 OK"
2026-04-13 12:06:03,947 | INFO | HTTP Request: POST https://api.telegram.org/bot8782666061:AAHh0Fo2Q3XPaJJK7ijuuQSECkoTlcmMbls/getUpdates "HTTP/1.1 200 OK"
2026-04-13 12:06:14,144 | INFO | HTTP Request: POST https://api.telegram.org/bot8782666061:AAHh0Fo2Q3XPaJJK7ijuuQSECkoTlcmMbls/getUpdates "HTTP/1.1 200 OK"
2026-04-13 12:06:24,358 | INFO | HTTP Request: POST https://api.telegram.org/bot8782666061:AAHh0Fo2Q3XPaJJK7ijuuQSECkoTlcmMbls/getUpdates "HTTP/1.1 200 OK"
2026-04-13 12:06:34,566 | INFO | HTTP Request: POST https://api.telegram.org/bot8782666061:AAHh0Fo2Q3XPaJJK7ijuuQSECkoTlcmMbls/getUpdates "HTTP/1.1 200 OK"
2026-04-13 12:06:44,776 | INFO | HTTP Request: POST https://api.telegram.org/bot8782666061:AAHh0Fo2Q3XPaJJK7ijuuQSECkoTlcmMbls/getUpdates "HTTP/1.1 200 OK"
2026-04-13 12:06:58,455 | INFO | HTTP Request: POST https://api.telegram.org/bot8782666061:AAHh0Fo2Q3XPaJJK7ijuuQSECkoTlcmMbls/getUpdates "HTTP/1.1 200 OK"
2026-04-13 12:07:09,242 | INFO | HTTP Request: POST https://api.telegram.org/bot8782666061:AAHh0Fo2Q3XPaJJK7ijuuQSECkoTlcmMbls/getUpdates "HTTP/1.1 200 OK"
2026-04-13 12:07:20,062 | INFO | HTTP Request: POST https://api.telegram.org/bot8782666061:AAHh0Fo2Q3XPaJJK7ijuuQSECkoTlcmMbls/getUpdates "HTTP/1.1 200 OK"
2026-04-13 12:07:30,375 | INFO | HTTP Request: POST https://api.telegram.org/bot8782666061:AAHh0Fo2Q3XPaJJK7ijuuQSECkoTlcmMbls/getUpdates "HTTP/1.1 200 OK"
2026-04-13 12:07:40,615 | INFO | HTTP Request: POST https://api.telegram.org/bot8782666061:AAHh0Fo2Q3XPaJJK7ijuuQSECkoTlcmMbls/getUpdates "HTTP/1.1 200 OK"
2026-04-13 12:07:50,820 | INFO | HTTP Request: POST https://api.telegram.org/bot8782666061:AAHh0Fo2Q3XPaJJK7ijuuQSECkoTlcmMbls/getUpdates "HTTP/1.1 200 OK"
2026-04-13 12:08:01,045 | INFO | HTTP Request: POST https://api.telegram.org/bot8782666061:AAHh0Fo2Q3XPaJJK7ijuuQSECkoTlcmMbls/getUpdates "HTTP/1.1 200 OK"
2026-04-13 12:08:11,246 | INFO | HTTP Request: POST https://api.telegram.org/bot8782666061:AAHh0Fo2Q3XPaJJK7ijuuQSECkoTlcmMbls/getUpdates "HTTP/1.1 200 OK"
2026-04-13 12:08:21,453 | INFO | HTTP Request: POST https://api.telegram.org/bot8782666061:AAHh0Fo2Q3XPaJJK7ijuuQSECkoTlcmMbls/getUpdates "HTTP/1.1 200 OK"
2026-04-13 12:08:31,667 | INFO | HTTP Request: POST https://api.telegram.org/bot8782666061:AAHh0Fo2Q3XPaJJK7ijuuQSECkoTlcmMbls/getUpdates "HTTP/1.1 200 OK"
2026-04-13 12:08:41,869 | INFO | HTTP Request: POST https://api.telegram.org/bot8782666061:AAHh0Fo2Q3XPaJJK7ijuuQSECkoTlcmMbls/getUpdates "HTTP/1.1 200 OK"
2026-04-13 12:08:52,080 | INFO | HTTP Request: POST https://api.telegram.org/bot8782666061:AAHh0Fo2Q3XPaJJK7ijuuQSECkoTlcmMbls/getUpdates "HTTP/1.1 200 OK"
2026-04-13 12:09:02,284 | INFO | HTTP Request: POST https://api.telegram.org/bot8782666061:AAHh0Fo2Q3XPaJJK7ijuuQSECkoTlcmMbls/getUpdates "HTTP/1.1 200 OK"
2026-04-13 12:09:12,504 | INFO | HTTP Request: POST https://api.telegram.org/bot8782666061:AAHh0Fo2Q3XPaJJK7ijuuQSECkoTlcmMbls/getUpdates "HTTP/1.1 200 OK"
2026-04-13 12:09:22,705 | INFO | HTTP Request: POST https://api.telegram.org/bot8782666061:AAHh0Fo2Q3XPaJJK7ijuuQSECkoTlcmMbls/getUpdates "HTTP/1.1 200 OK"
2026-04-13 12:09:32,907 | INFO | HTTP Request: POST https://api.telegram.org/bot8782666061:AAHh0Fo2Q3XPaJJK7ijuuQSECkoTlcmMbls/getUpdates "HTTP/1.1 200 OK"
2026-04-13 12:09:43,128 | INFO | HTTP Request: POST https://api.telegram.org/bot8782666061:AAHh0Fo2Q3XPaJJK7ijuuQSECkoTlcmMbls/getUpdates "HTTP/1.1 200 OK"
2026-04-13 12:09:53,333 | INFO | HTTP Request: POST https://api.telegram.org/bot8782666061:AAHh0Fo2Q3XPaJJK7ijuuQSECkoTlcmMbls/getUpdates "HTTP/1.1 200 OK"
2026-04-13 12:10:03,551 | INFO | HTTP Request: POST https://api.telegram.org/bot8782666061:AAHh0Fo2Q3XPaJJK7ijuuQSECkoTlcmMbls/getUpdates "HTTP/1.1 200 OK"
2026-04-13 12:10:13,753 | INFO | HTTP Request: POST https://api.telegram.org/bot8782666061:AAHh0Fo2Q3XPaJJK7ijuuQSECkoTlcmMbls/getUpdates "HTTP/1.1 200 OK"
2026-04-13 12:10:23,956 | INFO | HTTP Request: POST https://api.telegram.org/bot8782666061:AAHh0Fo2Q3XPaJJK7ijuuQSECkoTlcmMbls/getUpdates "HTTP/1.1 200 OK"
2026-04-13 12:10:34,168 | INFO | HTTP Request: POST https://api.telegram.org/bot8782666061:AAHh0Fo2Q3XPaJJK7ijuuQSECkoTlcmMbls/getUpdates "HTTP/1.1 200 OK"
2026-04-13 12:10:44,375 | INFO | HTTP Request: POST https://api.telegram.org/bot8782666061:AAHh0Fo2Q3XPaJJK7ijuuQSECkoTlcmMbls/getUpdates "HTTP/1.1 200 OK"
2026-04-13 12:10:54,590 | INFO | HTTP Request: POST https://api.telegram.org/bot8782666061:AAHh0Fo2Q3XPaJJK7ijuuQSECkoTlcmMbls/getUpdates "HTTP/1.1 200 OK"
2026-04-13 12:11:04,803 | INFO | HTTP Request: POST https://api.telegram.org/bot8782666061:AAHh0Fo2Q3XPaJJK7ijuuQSECkoTlcmMbls/getUpdates "HTTP/1.1 200 OK"
2026-04-13 12:11:15,026 | INFO | HTTP Request: POST https://api.telegram.org/bot8782666061:AAHh0Fo2Q3XPaJJK7ijuuQSECkoTlcmMbls/getUpdates "HTTP/1.1 200 OK"
2026-04-13 12:11:25,244 | INFO | HTTP Request: POST https://api.telegram.org/bot8782666061:AAHh0Fo2Q3XPaJJK7ijuuQSECkoTlcmMbls/getUpdates "HTTP/1.1 200 OK"
2026-04-13 12:11:35,443 | INFO | HTTP Request: POST https://api.telegram.org/bot8782666061:AAHh0Fo2Q3XPaJJK7ijuuQSECkoTlcmMbls/getUpdates "HTTP/1.1 200 OK"
2026-04-13 12:11:45,653 | INFO | HTTP Request: POST https://api.telegram.org/bot8782666061:AAHh0Fo2Q3XPaJJK7ijuuQSECkoTlcmMbls/getUpdates "HTTP/1.1 200 OK"
2026-04-13 12:11:55,845 | INFO | HTTP Request: POST https://api.telegram.org/bot8782666061:AAHh0Fo2Q3XPaJJK7ijuuQSECkoTlcmMbls/getUpdates "HTTP/1.1 200 OK"
2026-04-13 12:12:06,054 | INFO | HTTP Request: POST https://api.telegram.org/bot8782666061:AAHh0Fo2Q3XPaJJK7ijuuQSECkoTlcmMbls/getUpdates "HTTP/1.1 200 OK"
2026-04-13 12:12:16,260 | INFO | HTTP Request: POST https://api.telegram.org/bot8782666061:AAHh0Fo2Q3XPaJJK7ijuuQSECkoTlcmMbls/getUpdates "HTTP/1.1 200 OK"
2026-04-13 12:12:26,464 | INFO | HTTP Request: POST https://api.telegram.org/bot8782666061:AAHh0Fo2Q3XPaJJK7ijuuQSECkoTlcmMbls/getUpdates "HTTP/1.1 200 OK"
2026-04-13 12:12:36,671 | INFO | HTTP Request: POST https://api.telegram.org/bot8782666061:AAHh0Fo2Q3XPaJJK7ijuuQSECkoTlcmMbls/getUpdates "HTTP/1.1 200 OK"
2026-04-13 12:12:46,882 | INFO | HTTP Request: POST https://api.telegram.org/bot8782666061:AAHh0Fo2Q3XPaJJK7ijuuQSECkoTlcmMbls/getUpdates "HTTP/1.1 200 OK"
2026-04-13 12:12:57,081 | INFO | HTTP Request: POST https://api.telegram.org/bot8782666061:AAHh0Fo2Q3XPaJJK7ijuuQSECkoTlcmMbls/getUpdates "HTTP/1.1 200 OK"
2026-04-13 12:13:07,311 | INFO | HTTP Request: POST https://api.telegram.org/bot8782666061:AAHh0Fo2Q3XPaJJK7ijuuQSECkoTlcmMbls/getUpdates "HTTP/1.1 200 OK"
2026-04-13 12:13:17,523 | INFO | HTTP Request: POST https://api.telegram.org/bot8782666061:AAHh0Fo2Q3XPaJJK7ijuuQSECkoTlcmMbls/getUpdates "HTTP/1.1 200 OK"
2026-04-13 12:13:27,730 | INFO | HTTP Request: POST https://api.telegram.org/bot8782666061:AAHh0Fo2Q3XPaJJK7ijuuQSECkoTlcmMbls/getUpdates "HTTP/1.1 200 OK"
2026-04-13 12:13:37,932 | INFO | HTTP Request: POST https://api.telegram.org/bot8782666061:AAHh0Fo2Q3XPaJJK7ijuuQSECkoTlcmMbls/getUpdates "HTTP/1.1 200 OK"
2026-04-13 12:13:48,187 | INFO | HTTP Request: POST https://api.telegram.org/bot8782666061:AAHh0Fo2Q3XPaJJK7ijuuQSECkoTlcmMbls/getUpdates "HTTP/1.1 200 OK"
2026-04-13 12:13:58,396 | INFO | HTTP Request: POST https://api.telegram.org/bot8782666061:AAHh0Fo2Q3XPaJJK7ijuuQSECkoTlcmMbls/getUpdates "HTTP/1.1 200 OK"
2026-04-13 12:14:08,615 | INFO | HTTP Request: POST https://api.telegram.org/bot8782666061:AAHh0Fo2Q3XPaJJK7ijuuQSECkoTlcmMbls/getUpdates "HTTP/1.1 200 OK"
2026-04-13 12:14:18,836 | INFO | HTTP Request: POST https://api.telegram.org/bot8782666061:AAHh0Fo2Q3XPaJJK7ijuuQSECkoTlcmMbls/getUpdates "HTTP/1.1 200 OK"
2026-04-13 12:14:29,033 | INFO | HTTP Request: POST https://api.telegram.org/bot8782666061:AAHh0Fo2Q3XPaJJK7ijuuQSECkoTlcmMbls/getUpdates "HTTP/1.1 200 OK"
2026-04-13 12:14:39,250 | INFO | HTTP Request: POST https://api.telegram.org/bot8782666061:AAHh0Fo2Q3XPaJJK7ijuuQSECkoTlcmMbls/getUpdates "HTTP/1.1 200 OK"
2026-04-13 12:14:49,477 | INFO | HTTP Request: POST https://api.telegram.org/bot8782666061:AAHh0Fo2Q3XPaJJK7ijuuQSECkoTlcmMbls/getUpdates "HTTP/1.1 200 OK"
2026-04-13 12:14:59,692 | INFO | HTTP Request: POST https://api.telegram.org/bot8782666061:AAHh0Fo2Q3XPaJJK7ijuuQSECkoTlcmMbls/getUpdates "HTTP/1.1 200 OK"
2026-04-13 12:15:09,905 | INFO | HTTP Request: POST https://api.telegram.org/bot8782666061:AAHh0Fo2Q3XPaJJK7ijuuQSECkoTlcmMbls/getUpdates "HTTP/1.1 200 OK"
2026-04-13 12:15:20,127 | INFO | HTTP Request: POST https://api.telegram.org/bot8782666061:AAHh0Fo2Q3XPaJJK7ijuuQSECkoTlcmMbls/getUpdates "HTTP/1.1 200 OK"
2026-04-13 12:15:30,336 | INFO | HTTP Request: POST https://api.telegram.org/bot8782666061:AAHh0Fo2Q3XPaJJK7ijuuQSECkoTlcmMbls/getUpdates "HTTP/1.1 200 OK"
2026-04-13 12:15:40,555 | INFO | HTTP Request: POST https://api.telegram.org/bot8782666061:AAHh0Fo2Q3XPaJJK7ijuuQSECkoTlcmMbls/getUpdates "HTTP/1.1 200 OK"
2026-04-13 12:15:50,753 | INFO | HTTP Request: POST https://api.telegram.org/bot8782666061:AAHh0Fo2Q3XPaJJK7ijuuQSECkoTlcmMbls/getUpdates "HTTP/1.1 200 OK"
2026-04-13 12:16:00,955 | INFO | HTTP Request: POST https://api.telegram.org/bot8782666061:AAHh0Fo2Q3XPaJJK7ijuuQSECkoTlcmMbls/getUpdates "HTTP/1.1 200 OK"
2026-04-13 12:16:11,156 | INFO | HTTP Request: POST https://api.telegram.org/bot8782666061:AAHh0Fo2Q3XPaJJK7ijuuQSECkoTlcmMbls/getUpdates "HTTP/1.1 200 OK"
2026-04-13 12:16:21,396 | INFO | HTTP Request: POST https://api.telegram.org/bot8782666061:AAHh0Fo2Q3XPaJJK7ijuuQSECkoTlcmMbls/getUpdates "HTTP/1.1 200 OK"
2026-04-13 12:16:31,620 | INFO | HTTP Request: POST https://api.telegram.org/bot8782666061:AAHh0Fo2Q3XPaJJK7ijuuQSECkoTlcmMbls/getUpdates "HTTP/1.1 200 OK"
2026-04-13 12:16:41,820 | INFO | HTTP Request: POST https://api.telegram.org/bot8782666061:AAHh0Fo2Q3XPaJJK7ijuuQSECkoTlcmMbls/getUpdates "HTTP/1.1 200 OK"
2026-04-13 12:16:52,023 | INFO | HTTP Request: POST https://api.telegram.org/bot8782666061:AAHh0Fo2Q3XPaJJK7ijuuQSECkoTlcmMbls/getUpdates "HTTP/1.1 200 OK"
2026-04-13 12:17:02,235 | INFO | HTTP Request: POST https://api.telegram.org/bot8782666061:AAHh0Fo2Q3XPaJJK7ijuuQSECkoTlcmMbls/getUpdates "HTTP/1.1 200 OK"
2026-04-13 12:17:12,460 | INFO | HTTP Request: POST https://api.telegram.org/bot8782666061:AAHh0Fo2Q3XPaJJK7ijuuQSECkoTlcmMbls/getUpdates "HTTP/1.1 200 OK"
2026-04-13 12:17:22,665 | INFO | HTTP Request: POST https://api.telegram.org/bot8782666061:AAHh0Fo2Q3XPaJJK7ijuuQSECkoTlcmMbls/getUpdates "HTTP/1.1 200 OK"
2026-04-13 12:17:32,882 | INFO | HTTP Request: POST https://api.telegram.org/bot8782666061:AAHh0Fo2Q3XPaJJK7ijuuQSECkoTlcmMbls/getUpdates "HTTP/1.1 200 OK"
2026-04-13 12:17:43,085 | INFO | HTTP Request: POST https://api.telegram.org/bot8782666061:AAHh0Fo2Q3XPaJJK7ijuuQSECkoTlcmMbls/getUpdates "HTTP/1.1 200 OK"
2026-04-13 12:17:53,296 | INFO | HTTP Request: POST https://api.telegram.org/bot8782666061:AAHh0Fo2Q3XPaJJK7ijuuQSECkoTlcmMbls/getUpdates "HTTP/1.1 200 OK"
2026-04-13 12:18:03,518 | INFO | HTTP Request: POST https://api.telegram.org/bot8782666061:AAHh0Fo2Q3XPaJJK7ijuuQSECkoTlcmMbls/getUpdates "HTTP/1.1 200 OK"
2026-04-13 12:18:13,721 | INFO | HTTP Request: POST https://api.telegram.org/bot8782666061:AAHh0Fo2Q3XPaJJK7ijuuQSECkoTlcmMbls/getUpdates "HTTP/1.1 200 OK"
2026-04-13 12:18:23,919 | INFO | HTTP Request: POST https://api.telegram.org/bot8782666061:AAHh0Fo2Q3XPaJJK7ijuuQSECkoTlcmMbls/getUpdates "HTTP/1.1 200 OK"
2026-04-13 12:18:34,117 | INFO | HTTP Request: POST https://api.telegram.org/bot8782666061:AAHh0Fo2Q3XPaJJK7ijuuQSECkoTlcmMbls/getUpdates "HTTP/1.1 200 OK"
2026-04-13 12:18:44,324 | INFO | HTTP Request: POST https://api.telegram.org/bot8782666061:AAHh0Fo2Q3XPaJJK7ijuuQSECkoTlcmMbls/getUpdates "HTTP/1.1 200 OK"
2026-04-13 12:18:54,534 | INFO | HTTP Request: POST https://api.telegram.org/bot8782666061:AAHh0Fo2Q3XPaJJK7ijuuQSECkoTlcmMbls/getUpdates "HTTP/1.1 200 OK"
2026-04-13 12:19:04,737 | INFO | HTTP Request: POST https://api.telegram.org/bot8782666061:AAHh0Fo2Q3XPaJJK7ijuuQSECkoTlcmMbls/getUpdates "HTTP/1.1 200 OK"
2026-04-13 12:19:14,944 | INFO | HTTP Request: POST https://api.telegram.org/bot8782666061:AAHh0Fo2Q3XPaJJK7ijuuQSECkoTlcmMbls/getUpdates "HTTP/1.1 200 OK"
2026-04-13 12:19:25,154 | INFO | HTTP Request: POST https://api.telegram.org/bot8782666061:AAHh0Fo2Q3XPaJJK7ijuuQSECkoTlcmMbls/getUpdates "HTTP/1.1 200 OK"
2026-04-13 12:19:35,346 | INFO | HTTP Request: POST https://api.telegram.org/bot8782666061:AAHh0Fo2Q3XPaJJK7ijuuQSECkoTlcmMbls/getUpdates "HTTP/1.1 200 OK"
2026-04-13 12:19:45,558 | INFO | HTTP Request: POST https://api.telegram.org/bot8782666061:AAHh0Fo2Q3XPaJJK7ijuuQSECkoTlcmMbls/getUpdates "HTTP/1.1 200 OK"
2026-04-13 12:19:55,749 | INFO | HTTP Request: POST https://api.telegram.org/bot8782666061:AAHh0Fo2Q3XPaJJK7ijuuQSECkoTlcmMbls/getUpdates "HTTP/1.1 200 OK"
2026-04-13 12:20:05,967 | INFO | HTTP Request: POST https://api.telegram.org/bot8782666061:AAHh0Fo2Q3XPaJJK7ijuuQSECkoTlcmMbls/getUpdates "HTTP/1.1 200 OK"
2026-04-13 12:20:16,169 | INFO | HTTP Request: POST https://api.telegram.org/bot8782666061:AAHh0Fo2Q3XPaJJK7ijuuQSECkoTlcmMbls/getUpdates "HTTP/1.1 200 OK"
2026-04-13 12:20:26,387 | INFO | HTTP Request: POST https://api.telegram.org/bot8782666061:AAHh0Fo2Q3XPaJJK7ijuuQSECkoTlcmMbls/getUpdates "HTTP/1.1 200 OK"
2026-04-13 12:20:36,592 | INFO | HTTP Request: POST https://api.telegram.org/bot8782666061:AAHh0Fo2Q3XPaJJK7ijuuQSECkoTlcmMbls/getUpdates "HTTP/1.1 200 OK"
2026-04-13 12:20:46,800 | INFO | HTTP Request: POST https://api.telegram.org/bot8782666061:AAHh0Fo2Q3XPaJJK7ijuuQSECkoTlcmMbls/getUpdates "HTTP/1.1 200 OK"
2026-04-13 12:20:57,015 | INFO | HTTP Request: POST https://api.telegram.org/bot8782666061:AAHh0Fo2Q3XPaJJK7ijuuQSECkoTlcmMbls/getUpdates "HTTP/1.1 200 OK"
2026-04-13 12:21:07,212 | INFO | HTTP Request: POST https://api.telegram.org/bot8782666061:AAHh0Fo2Q3XPaJJK7ijuuQSECkoTlcmMbls/getUpdates "HTTP/1.1 200 OK"
2026-04-13 12:21:17,416 | INFO | HTTP Request: POST https://api.telegram.org/bot8782666061:AAHh0Fo2Q3XPaJJK7ijuuQSECkoTlcmMbls/getUpdates "HTTP/1.1 200 OK"
2026-04-13 12:21:27,624 | INFO | HTTP Request: POST https://api.telegram.org/bot8782666061:AAHh0Fo2Q3XPaJJK7ijuuQSECkoTlcmMbls/getUpdates "HTTP/1.1 200 OK"
2026-04-13 12:21:37,834 | INFO | HTTP Request: POST https://api.telegram.org/bot8782666061:AAHh0Fo2Q3XPaJJK7ijuuQSECkoTlcmMbls/getUpdates "HTTP/1.1 200 OK"
2026-04-13 12:21:48,036 | INFO | HTTP Request: POST https://api.telegram.org/bot8782666061:AAHh0Fo2Q3XPaJJK7ijuuQSECkoTlcmMbls/getUpdates "HTTP/1.1 200 OK"
2026-04-13 12:21:58,235 | INFO | HTTP Request: POST https://api.telegram.org/bot8782666061:AAHh0Fo2Q3XPaJJK7ijuuQSECkoTlcmMbls/getUpdates "HTTP/1.1 200 OK"
2026-04-13 12:22:08,441 | INFO | HTTP Request: POST https://api.telegram.org/bot8782666061:AAHh0Fo2Q3XPaJJK7ijuuQSECkoTlcmMbls/getUpdates "HTTP/1.1 200 OK"
2026-04-13 12:22:18,651 | INFO | HTTP Request: POST https://api.telegram.org/bot8782666061:AAHh0Fo2Q3XPaJJK7ijuuQSECkoTlcmMbls/getUpdates "HTTP/1.1 200 OK"
2026-04-13 12:22:28,844 | INFO | HTTP Request: POST https://api.telegram.org/bot8782666061:AAHh0Fo2Q3XPaJJK7ijuuQSECkoTlcmMbls/getUpdates "HTTP/1.1 200 OK"
2026-04-13 12:22:39,046 | INFO | HTTP Request: POST https://api.telegram.org/bot8782666061:AAHh0Fo2Q3XPaJJK7ijuuQSECkoTlcmMbls/getUpdates "HTTP/1.1 200 OK"
2026-04-13 12:22:49,266 | INFO | HTTP Request: POST https://api.telegram.org/bot8782666061:AAHh0Fo2Q3XPaJJK7ijuuQSECkoTlcmMbls/getUpdates "HTTP/1.1 200 OK"
2026-04-13 12:22:59,473 | INFO | HTTP Request: POST https://api.telegram.org/bot8782666061:AAHh0Fo2Q3XPaJJK7ijuuQSECkoTlcmMbls/getUpdates "HTTP/1.1 200 OK"
2026-04-13 12:23:09,681 | INFO | HTTP Request: POST https://api.telegram.org/bot8782666061:AAHh0Fo2Q3XPaJJK7ijuuQSECkoTlcmMbls/getUpdates "HTTP/1.1 200 OK"
2026-04-13 12:23:19,883 | INFO | HTTP Request: POST https://api.telegram.org/bot8782666061:AAHh0Fo2Q3XPaJJK7ijuuQSECkoTlcmMbls/getUpdates "HTTP/1.1 200 OK"
2026-04-13 12:23:30,099 | INFO | HTTP Request: POST https://api.telegram.org/bot8782666061:AAHh0Fo2Q3XPaJJK7ijuuQSECkoTlcmMbls/getUpdates "HTTP/1.1 200 OK"
2026-04-13 12:23:40,317 | INFO | HTTP Request: POST https://api.telegram.org/bot8782666061:AAHh0Fo2Q3XPaJJK7ijuuQSECkoTlcmMbls/getUpdates "HTTP/1.1 200 OK"
2026-04-13 12:23:50,518 | INFO | HTTP Request: POST https://api.telegram.org/bot8782666061:AAHh0Fo2Q3XPaJJK7ijuuQSECkoTlcmMbls/getUpdates "HTTP/1.1 200 OK"
2026-04-13 12:24:00,726 | INFO | HTTP Request: POST https://api.telegram.org/bot8782666061:AAHh0Fo2Q3XPaJJK7ijuuQSECkoTlcmMbls/getUpdates "HTTP/1.1 200 OK"
2026-04-13 12:24:11,359 | INFO | HTTP Request: POST https://api.telegram.org/bot8782666061:AAHh0Fo2Q3XPaJJK7ijuuQSECkoTlcmMbls/getUpdates "HTTP/1.1 200 OK"
2026-04-13 12:24:21,557 | INFO | HTTP Request: POST https://api.telegram.org/bot8782666061:AAHh0Fo2Q3XPaJJK7ijuuQSECkoTlcmMbls/getUpdates "HTTP/1.1 200 OK"
2026-04-13 12:24:31,745 | INFO | HTTP Request: POST https://api.telegram.org/bot8782666061:AAHh0Fo2Q3XPaJJK7ijuuQSECkoTlcmMbls/getUpdates "HTTP/1.1 200 OK"
2026-04-13 12:24:41,942 | INFO | HTTP Request: POST https://api.telegram.org/bot8782666061:AAHh0Fo2Q3XPaJJK7ijuuQSECkoTlcmMbls/getUpdates "HTTP/1.1 200 OK"
2026-04-13 12:24:52,135 | INFO | HTTP Request: POST https://api.telegram.org/bot8782666061:AAHh0Fo2Q3XPaJJK7ijuuQSECkoTlcmMbls/getUpdates "HTTP/1.1 200 OK"
2026-04-13 12:25:02,338 | INFO | HTTP Request: POST https://api.telegram.org/bot8782666061:AAHh0Fo2Q3XPaJJK7ijuuQSECkoTlcmMbls/getUpdates "HTTP/1.1 200 OK"
2026-04-13 12:25:12,546 | INFO | HTTP Request: POST https://api.telegram.org/bot8782666061:AAHh0Fo2Q3XPaJJK7ijuuQSECkoTlcmMbls/getUpdates "HTTP/1.1 200 OK"
2026-04-13 12:25:22,729 | INFO | HTTP Request: POST https://api.telegram.org/bot8782666061:AAHh0Fo2Q3XPaJJK7ijuuQSECkoTlcmMbls/getUpdates "HTTP/1.1 200 OK"
2026-04-13 12:25:32,923 | INFO | HTTP Request: POST https://api.telegram.org/bot8782666061:AAHh0Fo2Q3XPaJJK7ijuuQSECkoTlcmMbls/getUpdates "HTTP/1.1 200 OK"
2026-04-13 12:25:43,107 | INFO | HTTP Request: POST https://api.telegram.org/bot8782666061:AAHh0Fo2Q3XPaJJK7ijuuQSECkoTlcmMbls/getUpdates "HTTP/1.1 200 OK"
2026-04-13 12:25:53,315 | INFO | HTTP Request: POST https://api.telegram.org/bot8782666061:AAHh0Fo2Q3XPaJJK7ijuuQSECkoTlcmMbls/getUpdates "HTTP/1.1 200 OK"
2026-04-13 12:26:03,511 | INFO | HTTP Request: POST https://api.telegram.org/bot8782666061:AAHh0Fo2Q3XPaJJK7ijuuQSECkoTlcmMbls/getUpdates "HTTP/1.1 200 OK"
2026-04-13 12:26:13,713 | INFO | HTTP Request: POST https://api.telegram.org/bot8782666061:AAHh0Fo2Q3XPaJJK7ijuuQSECkoTlcmMbls/getUpdates "HTTP/1.1 200 OK"
2026-04-13 12:26:23,923 | INFO | HTTP Request: POST https://api.telegram.org/bot8782666061:AAHh0Fo2Q3XPaJJK7ijuuQSECkoTlcmMbls/getUpdates "HTTP/1.1 200 OK"
2026-04-13 12:26:34,108 | INFO | HTTP Request: POST https://api.telegram.org/bot8782666061:AAHh0Fo2Q3XPaJJK7ijuuQSECkoTlcmMbls/getUpdates "HTTP/1.1 200 OK"
2026-04-13 12:26:44,311 | INFO | HTTP Request: POST https://api.telegram.org/bot8782666061:AAHh0Fo2Q3XPaJJK7ijuuQSECkoTlcmMbls/getUpdates "HTTP/1.1 200 OK"
2026-04-13 12:26:54,502 | INFO | HTTP Request: POST https://api.telegram.org/bot8782666061:AAHh0Fo2Q3XPaJJK7ijuuQSECkoTlcmMbls/getUpdates "HTTP/1.1 200 OK"
2026-04-13 12:27:04,702 | INFO | HTTP Request: POST https://api.telegram.org/bot8782666061:AAHh0Fo2Q3XPaJJK7ijuuQSECkoTlcmMbls/getUpdates "HTTP/1.1 200 OK"
2026-04-13 12:27:14,898 | INFO | HTTP Request: POST https://api.telegram.org/bot8782666061:AAHh0Fo2Q3XPaJJK7ijuuQSECkoTlcmMbls/getUpdates "HTTP/1.1 200 OK"
2026-04-13 12:27:25,090 | INFO | HTTP Request: POST https://api.telegram.org/bot8782666061:AAHh0Fo2Q3XPaJJK7ijuuQSECkoTlcmMbls/getUpdates "HTTP/1.1 200 OK"
2026-04-13 12:27:35,284 | INFO | HTTP Request: POST https://api.telegram.org/bot8782666061:AAHh0Fo2Q3XPaJJK7ijuuQSECkoTlcmMbls/getUpdates "HTTP/1.1 200 OK"
2026-04-13 12:27:45,466 | INFO | HTTP Request: POST https://api.telegram.org/bot8782666061:AAHh0Fo2Q3XPaJJK7ijuuQSECkoTlcmMbls/getUpdates "HTTP/1.1 200 OK"
2026-04-13 12:27:55,662 | INFO | HTTP Request: POST https://api.telegram.org/bot8782666061:AAHh0Fo2Q3XPaJJK7ijuuQSECkoTlcmMbls/getUpdates "HTTP/1.1 200 OK"
2026-04-13 12:28:05,889 | INFO | HTTP Request: POST https://api.telegram.org/bot8782666061:AAHh0Fo2Q3XPaJJK7ijuuQSECkoTlcmMbls/getUpdates "HTTP/1.1 200 OK"
2026-04-13 12:28:16,122 | INFO | HTTP Request: POST https://api.telegram.org/bot8782666061:AAHh0Fo2Q3XPaJJK7ijuuQSECkoTlcmMbls/getUpdates "HTTP/1.1 200 OK"
2026-04-13 12:28:26,331 | INFO | HTTP Request: POST https://api.telegram.org/bot8782666061:AAHh0Fo2Q3XPaJJK7ijuuQSECkoTlcmMbls/getUpdates "HTTP/1.1 200 OK"
2026-04-13 12:28:36,559 | INFO | HTTP Request: POST https://api.telegram.org/bot8782666061:AAHh0Fo2Q3XPaJJK7ijuuQSECkoTlcmMbls/getUpdates "HTTP/1.1 200 OK"
2026-04-13 12:28:46,789 | INFO | HTTP Request: POST https://api.telegram.org/bot8782666061:AAHh0Fo2Q3XPaJJK7ijuuQSECkoTlcmMbls/getUpdates "HTTP/1.1 200 OK"
2026-04-13 12:28:57,037 | INFO | HTTP Request: POST https://api.telegram.org/bot8782666061:AAHh0Fo2Q3XPaJJK7ijuuQSECkoTlcmMbls/getUpdates "HTTP/1.1 200 OK"
2026-04-13 12:29:07,240 | INFO | HTTP Request: POST https://api.telegram.org/bot8782666061:AAHh0Fo2Q3XPaJJK7ijuuQSECkoTlcmMbls/getUpdates "HTTP/1.1 200 OK"
2026-04-13 12:29:17,462 | INFO | HTTP Request: POST https://api.telegram.org/bot8782666061:AAHh0Fo2Q3XPaJJK7ijuuQSECkoTlcmMbls/getUpdates "HTTP/1.1 200 OK"
2026-04-13 12:29:27,672 | INFO | HTTP Request: POST https://api.telegram.org/bot8782666061:AAHh0Fo2Q3XPaJJK7ijuuQSECkoTlcmMbls/getUpdates "HTTP/1.1 200 OK"
2026-04-13 12:29:37,879 | INFO | HTTP Request: POST https://api.telegram.org/bot8782666061:AAHh0Fo2Q3XPaJJK7ijuuQSECkoTlcmMbls/getUpdates "HTTP/1.1 200 OK"
2026-04-13 12:29:48,083 | INFO | HTTP Request: POST https://api.telegram.org/bot8782666061:AAHh0Fo2Q3XPaJJK7ijuuQSECkoTlcmMbls/getUpdates "HTTP/1.1 200 OK"
2026-04-13 12:29:58,284 | INFO | HTTP Request: POST https://api.telegram.org/bot8782666061:AAHh0Fo2Q3XPaJJK7ijuuQSECkoTlcmMbls/getUpdates "HTTP/1.1 200 OK"
2026-04-13 12:30:08,522 | INFO | HTTP Request: POST https://api.telegram.org/bot8782666061:AAHh0Fo2Q3XPaJJK7ijuuQSECkoTlcmMbls/getUpdates "HTTP/1.1 200 OK"
2026-04-13 12:30:18,719 | INFO | HTTP Request: POST https://api.telegram.org/bot8782666061:AAHh0Fo2Q3XPaJJK7ijuuQSECkoTlcmMbls/getUpdates "HTTP/1.1 200 OK"
2026-04-13 12:30:28,923 | INFO | HTTP Request: POST https://api.telegram.org/bot8782666061:AAHh0Fo2Q3XPaJJK7ijuuQSECkoTlcmMbls/getUpdates "HTTP/1.1 200 OK"
2026-04-13 12:30:39,128 | INFO | HTTP Request: POST https://api.telegram.org/bot8782666061:AAHh0Fo2Q3XPaJJK7ijuuQSECkoTlcmMbls/getUpdates "HTTP/1.1 200 OK"
2026-04-13 12:30:49,335 | INFO | HTTP Request: POST https://api.telegram.org/bot8782666061:AAHh0Fo2Q3XPaJJK7ijuuQSECkoTlcmMbls/getUpdates "HTTP/1.1 200 OK"
2026-04-13 12:30:59,530 | INFO | HTTP Request: POST https://api.telegram.org/bot8782666061:AAHh0Fo2Q3XPaJJK7ijuuQSECkoTlcmMbls/getUpdates "HTTP/1.1 200 OK"
2026-04-13 12:31:09,733 | INFO | HTTP Request: POST https://api.telegram.org/bot8782666061:AAHh0Fo2Q3XPaJJK7ijuuQSECkoTlcmMbls/getUpdates "HTTP/1.1 200 OK"
2026-04-13 12:31:19,948 | INFO | HTTP Request: POST https://api.telegram.org/bot8782666061:AAHh0Fo2Q3XPaJJK7ijuuQSECkoTlcmMbls/getUpdates "HTTP/1.1 200 OK"
2026-04-13 12:31:30,162 | INFO | HTTP Request: POST https://api.telegram.org/bot8782666061:AAHh0Fo2Q3XPaJJK7ijuuQSECkoTlcmMbls/getUpdates "HTTP/1.1 200 OK"
2026-04-13 12:31:40,351 | INFO | HTTP Request: POST https://api.telegram.org/bot8782666061:AAHh0Fo2Q3XPaJJK7ijuuQSECkoTlcmMbls/getUpdates "HTTP/1.1 200 OK"
2026-04-13 12:31:50,560 | INFO | HTTP Request: POST https://api.telegram.org/bot8782666061:AAHh0Fo2Q3XPaJJK7ijuuQSECkoTlcmMbls/getUpdates "HTTP/1.1 200 OK"
2026-04-13 12:32:00,775 | INFO | HTTP Request: POST https://api.telegram.org/bot8782666061:AAHh0Fo2Q3XPaJJK7ijuuQSECkoTlcmMbls/getUpdates "HTTP/1.1 200 OK"
2026-04-13 12:32:10,988 | INFO | HTTP Request: POST https://api.telegram.org/bot8782666061:AAHh0Fo2Q3XPaJJK7ijuuQSECkoTlcmMbls/getUpdates "HTTP/1.1 200 OK"
2026-04-13 12:32:21,210 | INFO | HTTP Request: POST https://api.telegram.org/bot8782666061:AAHh0Fo2Q3XPaJJK7ijuuQSECkoTlcmMbls/getUpdates "HTTP/1.1 200 OK"
2026-04-13 12:32:31,417 | INFO | HTTP Request: POST https://api.telegram.org/bot8782666061:AAHh0Fo2Q3XPaJJK7ijuuQSECkoTlcmMbls/getUpdates "HTTP/1.1 200 OK"
2026-04-13 12:32:41,627 | INFO | HTTP Request: POST https://api.telegram.org/bot8782666061:AAHh0Fo2Q3XPaJJK7ijuuQSECkoTlcmMbls/getUpdates "HTTP/1.1 200 OK"
2026-04-13 12:32:51,835 | INFO | HTTP Request: POST https://api.telegram.org/bot8782666061:AAHh0Fo2Q3XPaJJK7ijuuQSECkoTlcmMbls/getUpdates "HTTP/1.1 200 OK"
2026-04-13 12:33:04,029 | INFO | 🤖 البوت يعمل الآن...
2026-04-13 12:33:04,595 | INFO | HTTP Request: POST https://api.telegram.org/bot8782666061:AAHh0Fo2Q3XPaJJK7ijuuQSECkoTlcmMbls/getMe "HTTP/1.1 200 OK"
2026-04-13 12:33:04,787 | INFO | HTTP Request: POST https://api.telegram.org/bot8782666061:AAHh0Fo2Q3XPaJJK7ijuuQSECkoTlcmMbls/deleteWebhook "HTTP/1.1 200 OK"
2026-04-13 12:33:04,794 | INFO | Application started
2026-04-13 12:33:15,356 | INFO | HTTP Request: POST https://api.telegram.org/bot8782666061:AAHh0Fo2Q3XPaJJK7ijuuQSECkoTlcmMbls/getUpdates "HTTP/1.1 200 OK"
2026-04-13 12:33:25,546 | INFO | HTTP Request: POST https://api.telegram.org/bot8782666061:AAHh0Fo2Q3XPaJJK7ijuuQSECkoTlcmMbls/getUpdates "HTTP/1.1 200 OK"
2026-04-13 12:33:35,731 | INFO | HTTP Request: POST https://api.telegram.org/bot8782666061:AAHh0Fo2Q3XPaJJK7ijuuQSECkoTlcmMbls/getUpdates "HTTP/1.1 200 OK"
2026-04-13 12:33:45,934 | INFO | HTTP Request: POST https://api.telegram.org/bot8782666061:AAHh0Fo2Q3XPaJJK7ijuuQSECkoTlcmMbls/getUpdates "HTTP/1.1 200 OK"
2026-04-13 12:33:56,120 | INFO | HTTP Request: POST https://api.telegram.org/bot8782666061:AAHh0Fo2Q3XPaJJK7ijuuQSECkoTlcmMbls/getUpdates "HTTP/1.1 200 OK"
2026-04-13 12:34:00,381 | INFO | HTTP Request: POST https://api.telegram.org/bot8782666061:AAHh0Fo2Q3XPaJJK7ijuuQSECkoTlcmMbls/getUpdates "HTTP/1.1 200 OK"
2026-04-13 12:34:01,010 | INFO | HTTP Request: POST https://api.telegram.org/bot8782666061:AAHh0Fo2Q3XPaJJK7ijuuQSECkoTlcmMbls/sendMessage "HTTP/1.1 200 OK"
2026-04-13 12:34:03,183 | INFO | HTTP Request: POST https://api.telegram.org/bot8782666061:AAHh0Fo2Q3XPaJJK7ijuuQSECkoTlcmMbls/getUpdates "HTTP/1.1 200 OK"
2026-04-13 12:34:03,408 | INFO | HTTP Request: POST https://api.telegram.org/bot8782666061:AAHh0Fo2Q3XPaJJK7ijuuQSECkoTlcmMbls/sendMessage "HTTP/1.1 200 OK"
2026-04-13 12:34:08,938 | INFO | HTTP Request: POST https://api.telegram.org/bot8782666061:AAHh0Fo2Q3XPaJJK7ijuuQSECkoTlcmMbls/getUpdates "HTTP/1.1 200 OK"
2026-04-13 12:34:09,606 | INFO | HTTP Request: POST https://api.telegram.org/bot8782666061:AAHh0Fo2Q3XPaJJK7ijuuQSECkoTlcmMbls/sendMessage "HTTP/1.1 200 OK"
2026-04-13 12:34:15,565 | INFO | HTTP Request: POST https://api.telegram.org/bot8782666061:AAHh0Fo2Q3XPaJJK7ijuuQSECkoTlcmMbls/getUpdates "HTTP/1.1 200 OK"
2026-04-13 12:34:16,147 | INFO | HTTP Request: POST https://api.telegram.org/bot8782666061:AAHh0Fo2Q3XPaJJK7ijuuQSECkoTlcmMbls/sendMessage "HTTP/1.1 200 OK"
2026-04-13 12:34:17,525 | INFO | HTTP Request: POST https://api.telegram.org/bot8782666061:AAHh0Fo2Q3XPaJJK7ijuuQSECkoTlcmMbls/getUpdates "HTTP/1.1 200 OK"
2026-04-13 12:34:17,717 | INFO | HTTP Request: POST https://api.telegram.org/bot8782666061:AAHh0Fo2Q3XPaJJK7ijuuQSECkoTlcmMbls/answerCallbackQuery "HTTP/1.1 200 OK"
2026-04-13 12:34:17,947 | INFO | HTTP Request: POST https://api.telegram.org/bot8782666061:AAHh0Fo2Q3XPaJJK7ijuuQSECkoTlcmMbls/editMessageReplyMarkup "HTTP/1.1 200 OK"
2026-04-13 12:34:22,154 | INFO | HTTP Request: POST https://api.telegram.org/bot8782666061:AAHh0Fo2Q3XPaJJK7ijuuQSECkoTlcmMbls/getUpdates "HTTP/1.1 200 OK"
2026-04-13 12:34:22,380 | INFO | HTTP Request: POST https://api.telegram.org/bot8782666061:AAHh0Fo2Q3XPaJJK7ijuuQSECkoTlcmMbls/sendMessage "HTTP/1.1 200 OK"
2026-04-13 12:34:22,794 | INFO | HTTP Request: POST https://api.telegram.org/bot8782666061:AAHh0Fo2Q3XPaJJK7ijuuQSECkoTlcmMbls/getFile "HTTP/1.1 200 OK"
2026-04-13 12:34:23,197 | INFO | HTTP Request: GET https://api.telegram.org/file/bot8782666061%3AAAHh0Fo2Q3XPaJJK7ijuuQSECkoTlcmMbls/videos/file_282.mp4 "HTTP/1.1 200 OK"
2026-04-13 12:34:25,401 | INFO | تم تحميل الفيديو: downloads\BAACAgQAAxkBAAIGHGncBiTIpQRjIkJloHA0n8MahDVkAAJFCwAC5QLdUlLMqsbnVH-7OwQ.mp4
2026-04-13 12:34:25,637 | INFO | HTTP Request: POST https://api.telegram.org/bot8782666061:AAHh0Fo2Q3XPaJJK7ijuuQSECkoTlcmMbls/editMessageText "HTTP/1.1 200 OK"
2026-04-13 12:34:25,869 | INFO | HTTP Request: POST https://api.telegram.org/bot8782666061:AAHh0Fo2Q3XPaJJK7ijuuQSECkoTlcmMbls/editMessageText "HTTP/1.1 200 OK"
2026-04-13 12:34:42,270 | INFO | Starting Instagram Reel post | URL: https://res.cloudinary.com/dejrsi3fd/video/upload/v1776072881/instagram_reels/kb9evgvhtx5miuynyl7t.mp4
2026-04-13 12:34:42,738 | INFO | Create container response: {'error': {'message': "Unsupported post request. Object with ID 'None' does not exist, cannot be loaded due to missing permissions, or does not support this operation. Please read the Graph API documentation at https://developers.facebook.com/docs/graph-api", 'type': 'GraphMethodException', 'code': 100, 'error_subcode': 33, 'fbtrace_id': 'A8nu_8mTk2QOvVGliLRoIaV'}}
2026-04-13 12:34:42,741 | ERROR | Failed to create container: {'error': {'message': "Unsupported post request. Object with ID 'None' does not exist, cannot be loaded due to missing permissions, or does not support this operation. Please read the Graph API documentation at https://developers.facebook.com/docs/graph-api", 'type': 'GraphMethodException', 'code': 100, 'error_subcode': 33, 'fbtrace_id': 'A8nu_8mTk2QOvVGliLRoIaV'}}
2026-04-13 12:34:42,754 | INFO | HTTP Request: POST https://api.telegram.org/bot8782666061:AAHh0Fo2Q3XPaJJK7ijuuQSECkoTlcmMbls/getUpdates "HTTP/1.1 200 OK"
2026-04-13 12:34:43,388 | INFO | HTTP Request: POST https://api.telegram.org/bot8782666061:AAHh0Fo2Q3XPaJJK7ijuuQSECkoTlcmMbls/editMessageText "HTTP/1.1 200 OK"
2026-04-13 12:34:53,099 | INFO | HTTP Request: POST https://api.telegram.org/bot8782666061:AAHh0Fo2Q3XPaJJK7ijuuQSECkoTlcmMbls/getUpdates "HTTP/1.1 200 OK"
2026-04-13 12:35:03,357 | INFO | HTTP Request: POST https://api.telegram.org/bot8782666061:AAHh0Fo2Q3XPaJJK7ijuuQSECkoTlcmMbls/getUpdates "HTTP/1.1 200 OK"
2026-04-13 12:35:13,597 | INFO | HTTP Request: POST https://api.telegram.org/bot8782666061:AAHh0Fo2Q3XPaJJK7ijuuQSECkoTlcmMbls/getUpdates "HTTP/1.1 200 OK"
2026-04-13 12:35:23,834 | INFO | HTTP Request: POST https://api.telegram.org/bot8782666061:AAHh0Fo2Q3XPaJJK7ijuuQSECkoTlcmMbls/getUpdates "HTTP/1.1 200 OK"
2026-04-13 12:35:34,072 | INFO | HTTP Request: POST https://api.telegram.org/bot8782666061:AAHh0Fo2Q3XPaJJK7ijuuQSECkoTlcmMbls/getUpdates "HTTP/1.1 200 OK"
2026-04-13 12:35:44,300 | INFO | HTTP Request: POST https://api.telegram.org/bot8782666061:AAHh0Fo2Q3XPaJJK7ijuuQSECkoTlcmMbls/getUpdates "HTTP/1.1 200 OK"
2026-04-13 12:35:54,501 | INFO | HTTP Request: POST https://api.telegram.org/bot8782666061:AAHh0Fo2Q3XPaJJK7ijuuQSECkoTlcmMbls/getUpdates "HTTP/1.1 200 OK"
2026-04-13 12:36:04,730 | INFO | HTTP Request: POST https://api.telegram.org/bot8782666061:AAHh0Fo2Q3XPaJJK7ijuuQSECkoTlcmMbls/getUpdates "HTTP/1.1 200 OK"
2026-04-13 12:36:14,933 | INFO | HTTP Request: POST https://api.telegram.org/bot8782666061:AAHh0Fo2Q3XPaJJK7ijuuQSECkoTlcmMbls/getUpdates "HTTP/1.1 200 OK"
2026-04-13 12:36:25,134 | INFO | HTTP Request: POST https://api.telegram.org/bot8782666061:AAHh0Fo2Q3XPaJJK7ijuuQSECkoTlcmMbls/getUpdates "HTTP/1.1 200 OK"
2026-04-13 12:36:35,416 | INFO | HTTP Request: POST https://api.telegram.org/bot8782666061:AAHh0Fo2Q3XPaJJK7ijuuQSECkoTlcmMbls/getUpdates "HTTP/1.1 200 OK"
2026-04-13 12:36:45,663 | INFO | HTTP Request: POST https://api.telegram.org/bot8782666061:AAHh0Fo2Q3XPaJJK7ijuuQSECkoTlcmMbls/getUpdates "HTTP/1.1 200 OK"
2026-04-13 12:36:55,870 | INFO | HTTP Request: POST https://api.telegram.org/bot8782666061:AAHh0Fo2Q3XPaJJK7ijuuQSECkoTlcmMbls/getUpdates "HTTP/1.1 200 OK"
2026-04-13 12:37:06,104 | INFO | HTTP Request: POST https://api.telegram.org/bot8782666061:AAHh0Fo2Q3XPaJJK7ijuuQSECkoTlcmMbls/getUpdates "HTTP/1.1 200 OK"
2026-04-13 12:37:16,480 | INFO | HTTP Request: POST https://api.telegram.org/bot8782666061:AAHh0Fo2Q3XPaJJK7ijuuQSECkoTlcmMbls/getUpdates "HTTP/1.1 200 OK"
2026-04-13 12:37:26,820 | INFO | HTTP Request: POST https://api.telegram.org/bot8782666061:AAHh0Fo2Q3XPaJJK7ijuuQSECkoTlcmMbls/getUpdates "HTTP/1.1 200 OK"
2026-04-13 12:37:37,060 | INFO | HTTP Request: POST https://api.telegram.org/bot8782666061:AAHh0Fo2Q3XPaJJK7ijuuQSECkoTlcmMbls/getUpdates "HTTP/1.1 200 OK"
2026-04-13 12:37:47,312 | INFO | HTTP Request: POST https://api.telegram.org/bot8782666061:AAHh0Fo2Q3XPaJJK7ijuuQSECkoTlcmMbls/getUpdates "HTTP/1.1 200 OK"
2026-04-13 12:37:57,540 | INFO | HTTP Request: POST https://api.telegram.org/bot8782666061:AAHh0Fo2Q3XPaJJK7ijuuQSECkoTlcmMbls/getUpdates "HTTP/1.1 200 OK"
2026-04-13 12:38:07,745 | INFO | HTTP Request: POST https://api.telegram.org/bot8782666061:AAHh0Fo2Q3XPaJJK7ijuuQSECkoTlcmMbls/getUpdates "HTTP/1.1 200 OK"
2026-04-13 12:38:17,948 | INFO | HTTP Request: POST https://api.telegram.org/bot8782666061:AAHh0Fo2Q3XPaJJK7ijuuQSECkoTlcmMbls/getUpdates "HTTP/1.1 200 OK"
2026-04-13 12:38:28,153 | INFO | HTTP Request: POST https://api.telegram.org/bot8782666061:AAHh0Fo2Q3XPaJJK7ijuuQSECkoTlcmMbls/getUpdates "HTTP/1.1 200 OK"
2026-04-13 12:38:38,354 | INFO | HTTP Request: POST https://api.telegram.org/bot8782666061:AAHh0Fo2Q3XPaJJK7ijuuQSECkoTlcmMbls/getUpdates "HTTP/1.1 200 OK"
2026-04-13 12:38:48,639 | INFO | HTTP Request: POST https://api.telegram.org/bot8782666061:AAHh0Fo2Q3XPaJJK7ijuuQSECkoTlcmMbls/getUpdates "HTTP/1.1 200 OK"
2026-04-13 12:38:58,882 | INFO | HTTP Request: POST https://api.telegram.org/bot8782666061:AAHh0Fo2Q3XPaJJK7ijuuQSECkoTlcmMbls/getUpdates "HTTP/1.1 200 OK"
2026-04-13 12:39:09,119 | INFO | HTTP Request: POST https://api.telegram.org/bot8782666061:AAHh0Fo2Q3XPaJJK7ijuuQSECkoTlcmMbls/getUpdates "HTTP/1.1 200 OK"
2026-04-13 12:39:19,318 | INFO | HTTP Request: POST https://api.telegram.org/bot8782666061:AAHh0Fo2Q3XPaJJK7ijuuQSECkoTlcmMbls/getUpdates "HTTP/1.1 200 OK"
2026-04-13 12:39:29,507 | INFO | HTTP Request: POST https://api.telegram.org/bot8782666061:AAHh0Fo2Q3XPaJJK7ijuuQSECkoTlcmMbls/getUpdates "HTTP/1.1 200 OK"
2026-04-13 12:39:39,840 | INFO | HTTP Request: POST https://api.telegram.org/bot8782666061:AAHh0Fo2Q3XPaJJK7ijuuQSECkoTlcmMbls/getUpdates "HTTP/1.1 200 OK"
2026-04-13 12:39:50,081 | INFO | HTTP Request: POST https://api.telegram.org/bot8782666061:AAHh0Fo2Q3XPaJJK7ijuuQSECkoTlcmMbls/getUpdates "HTTP/1.1 200 OK"
2026-04-13 12:40:00,296 | INFO | HTTP Request: POST https://api.telegram.org/bot8782666061:AAHh0Fo2Q3XPaJJK7ijuuQSECkoTlcmMbls/getUpdates "HTTP/1.1 200 OK"
2026-04-13 12:40:10,498 | INFO | HTTP Request: POST https://api.telegram.org/bot8782666061:AAHh0Fo2Q3XPaJJK7ijuuQSECkoTlcmMbls/getUpdates "HTTP/1.1 200 OK"
2026-04-13 12:40:20,800 | INFO | HTTP Request: POST https://api.telegram.org/bot8782666061:AAHh0Fo2Q3XPaJJK7ijuuQSECkoTlcmMbls/getUpdates "HTTP/1.1 200 OK"
2026-04-13 12:40:31,027 | INFO | HTTP Request: POST https://api.telegram.org/bot8782666061:AAHh0Fo2Q3XPaJJK7ijuuQSECkoTlcmMbls/getUpdates "HTTP/1.1 200 OK"
2026-04-13 12:40:41,226 | INFO | HTTP Request: POST https://api.telegram.org/bot8782666061:AAHh0Fo2Q3XPaJJK7ijuuQSECkoTlcmMbls/getUpdates "HTTP/1.1 200 OK"
2026-04-13 12:40:51,523 | INFO | HTTP Request: POST https://api.telegram.org/bot8782666061:AAHh0Fo2Q3XPaJJK7ijuuQSECkoTlcmMbls/getUpdates "HTTP/1.1 200 OK"
2026-04-13 12:41:01,764 | INFO | HTTP Request: POST https://api.telegram.org/bot8782666061:AAHh0Fo2Q3XPaJJK7ijuuQSECkoTlcmMbls/getUpdates "HTTP/1.1 200 OK"
2026-04-13 12:41:12,004 | INFO | HTTP Request: POST https://api.telegram.org/bot8782666061:AAHh0Fo2Q3XPaJJK7ijuuQSECkoTlcmMbls/getUpdates "HTTP/1.1 200 OK"
2026-04-13 12:41:22,222 | INFO | HTTP Request: POST https://api.telegram.org/bot8782666061:AAHh0Fo2Q3XPaJJK7ijuuQSECkoTlcmMbls/getUpdates "HTTP/1.1 200 OK"
2026-04-13 12:41:28,333 | INFO | 🤖 البوت يعمل الآن...
2026-04-13 12:41:29,085 | INFO | HTTP Request: POST https://api.telegram.org/bot8782666061:AAHh0Fo2Q3XPaJJK7ijuuQSECkoTlcmMbls/getMe "HTTP/1.1 200 OK"
2026-04-13 12:41:29,274 | INFO | HTTP Request: POST https://api.telegram.org/bot8782666061:AAHh0Fo2Q3XPaJJK7ijuuQSECkoTlcmMbls/deleteWebhook "HTTP/1.1 200 OK"
2026-04-13 12:41:29,285 | INFO | Application started
2026-04-13 12:41:40,062 | INFO | HTTP Request: POST https://api.telegram.org/bot8782666061:AAHh0Fo2Q3XPaJJK7ijuuQSECkoTlcmMbls/getUpdates "HTTP/1.1 200 OK"
2026-04-13 12:41:50,302 | INFO | HTTP Request: POST https://api.telegram.org/bot8782666061:AAHh0Fo2Q3XPaJJK7ijuuQSECkoTlcmMbls/getUpdates "HTTP/1.1 200 OK"
2026-04-13 12:41:55,624 | INFO | HTTP Request: POST https://api.telegram.org/bot8782666061:AAHh0Fo2Q3XPaJJK7ijuuQSECkoTlcmMbls/getUpdates "HTTP/1.1 200 OK"
2026-04-13 12:41:56,381 | INFO | HTTP Request: POST https://api.telegram.org/bot8782666061:AAHh0Fo2Q3XPaJJK7ijuuQSECkoTlcmMbls/sendMessage "HTTP/1.1 200 OK"
2026-04-13 12:41:56,610 | INFO | HTTP Request: POST https://api.telegram.org/bot8782666061:AAHh0Fo2Q3XPaJJK7ijuuQSECkoTlcmMbls/sendMessage "HTTP/1.1 200 OK"
2026-04-13 12:41:56,862 | INFO | HTTP Request: POST https://api.telegram.org/bot8782666061:AAHh0Fo2Q3XPaJJK7ijuuQSECkoTlcmMbls/sendMessage "HTTP/1.1 200 OK"
2026-04-13 12:41:57,099 | INFO | HTTP Request: POST https://api.telegram.org/bot8782666061:AAHh0Fo2Q3XPaJJK7ijuuQSECkoTlcmMbls/sendMessage "HTTP/1.1 200 OK"
2026-04-13 12:41:58,544 | INFO | HTTP Request: POST https://api.telegram.org/bot8782666061:AAHh0Fo2Q3XPaJJK7ijuuQSECkoTlcmMbls/getUpdates "HTTP/1.1 200 OK"
2026-04-13 12:41:58,782 | INFO | HTTP Request: POST https://api.telegram.org/bot8782666061:AAHh0Fo2Q3XPaJJK7ijuuQSECkoTlcmMbls/sendMessage "HTTP/1.1 200 OK"
2026-04-13 12:42:01,565 | INFO | HTTP Request: POST https://api.telegram.org/bot8782666061:AAHh0Fo2Q3XPaJJK7ijuuQSECkoTlcmMbls/getUpdates "HTTP/1.1 200 OK"
2026-04-13 12:42:01,791 | INFO | HTTP Request: POST https://api.telegram.org/bot8782666061:AAHh0Fo2Q3XPaJJK7ijuuQSECkoTlcmMbls/sendMessage "HTTP/1.1 200 OK"
2026-04-13 12:42:10,783 | INFO | HTTP Request: POST https://api.telegram.org/bot8782666061:AAHh0Fo2Q3XPaJJK7ijuuQSECkoTlcmMbls/getUpdates "HTTP/1.1 200 OK"
2026-04-13 12:42:11,438 | INFO | HTTP Request: POST https://api.telegram.org/bot8782666061:AAHh0Fo2Q3XPaJJK7ijuuQSECkoTlcmMbls/sendMessage "HTTP/1.1 200 OK"
2026-04-13 12:42:13,569 | INFO | HTTP Request: POST https://api.telegram.org/bot8782666061:AAHh0Fo2Q3XPaJJK7ijuuQSECkoTlcmMbls/getUpdates "HTTP/1.1 200 OK"
2026-04-13 12:42:13,920 | INFO | HTTP Request: POST https://api.telegram.org/bot8782666061:AAHh0Fo2Q3XPaJJK7ijuuQSECkoTlcmMbls/answerCallbackQuery "HTTP/1.1 200 OK"
2026-04-13 12:42:14,182 | INFO | HTTP Request: POST https://api.telegram.org/bot8782666061:AAHh0Fo2Q3XPaJJK7ijuuQSECkoTlcmMbls/editMessageReplyMarkup "HTTP/1.1 200 OK"
2026-04-13 12:42:23,775 | INFO | HTTP Request: POST https://api.telegram.org/bot8782666061:AAHh0Fo2Q3XPaJJK7ijuuQSECkoTlcmMbls/getUpdates "HTTP/1.1 200 OK"
2026-04-13 12:42:28,808 | INFO | HTTP Request: POST https://api.telegram.org/bot8782666061:AAHh0Fo2Q3XPaJJK7ijuuQSECkoTlcmMbls/getUpdates "HTTP/1.1 200 OK"
2026-04-13 12:42:29,443 | INFO | HTTP Request: POST https://api.telegram.org/bot8782666061:AAHh0Fo2Q3XPaJJK7ijuuQSECkoTlcmMbls/sendMessage "HTTP/1.1 200 OK"
2026-04-13 12:42:29,640 | INFO | HTTP Request: POST https://api.telegram.org/bot8782666061:AAHh0Fo2Q3XPaJJK7ijuuQSECkoTlcmMbls/getFile "HTTP/1.1 200 OK"
2026-04-13 12:42:29,936 | INFO | HTTP Request: GET https://api.telegram.org/file/bot8782666061%3AAAHh0Fo2Q3XPaJJK7ijuuQSECkoTlcmMbls/videos/file_275.mp4 "HTTP/1.1 200 OK"
2026-04-13 12:42:31,575 | INFO | تم تحميل الفيديو: downloads\BAACAgQAAxkBAAIGFWncBiTRy45VpccROJOv7Mxqkv14AAIVCwACJg7cUsocfuNJNxSiOwQ.mp4
2026-04-13 12:42:31,781 | INFO | HTTP Request: POST https://api.telegram.org/bot8782666061:AAHh0Fo2Q3XPaJJK7ijuuQSECkoTlcmMbls/editMessageText "HTTP/1.1 200 OK"
2026-04-13 12:42:32,033 | INFO | HTTP Request: POST https://api.telegram.org/bot8782666061:AAHh0Fo2Q3XPaJJK7ijuuQSECkoTlcmMbls/editMessageText "HTTP/1.1 200 OK"
2026-04-13 12:42:36,486 | INFO | Starting Instagram Reel post | URL: https://res.cloudinary.com/dejrsi3fd/video/upload/v1776073355/instagram_reels/ssmbkhx3mdgrm4k8mp6s.mp4
2026-04-13 12:42:37,205 | INFO | Create container response: {'error': {'message': "Unsupported post request. Object with ID 'None' does not exist, cannot be loaded due to missing permissions, or does not support this operation. Please read the Graph API documentation at https://developers.facebook.com/docs/graph-api", 'type': 'GraphMethodException', 'code': 100, 'error_subcode': 33, 'fbtrace_id': 'AFv0NphR4Fghe1fULV-C6lq'}}
2026-04-13 12:42:37,207 | ERROR | Failed to create container: {'error': {'message': "Unsupported post request. Object with ID 'None' does not exist, cannot be loaded due to missing permissions, or does not support this operation. Please read the Graph API documentation at https://developers.facebook.com/docs/graph-api", 'type': 'GraphMethodException', 'code': 100, 'error_subcode': 33, 'fbtrace_id': 'AFv0NphR4Fghe1fULV-C6lq'}}
2026-04-13 12:42:38,022 | INFO | HTTP Request: POST https://api.telegram.org/bot8782666061:AAHh0Fo2Q3XPaJJK7ijuuQSECkoTlcmMbls/editMessageText "HTTP/1.1 200 OK"
2026-04-13 12:42:38,329 | INFO | HTTP Request: POST https://api.telegram.org/bot8782666061:AAHh0Fo2Q3XPaJJK7ijuuQSECkoTlcmMbls/sendMessage "HTTP/1.1 200 OK"
2026-04-13 12:42:38,547 | INFO | HTTP Request: POST https://api.telegram.org/bot8782666061:AAHh0Fo2Q3XPaJJK7ijuuQSECkoTlcmMbls/getFile "HTTP/1.1 200 OK"
2026-04-13 12:42:38,815 | INFO | HTTP Request: GET https://api.telegram.org/file/bot8782666061%3AAAHh0Fo2Q3XPaJJK7ijuuQSECkoTlcmMbls/videos/file_276.mp4 "HTTP/1.1 200 OK"
2026-04-13 12:42:39,031 | INFO | HTTP Request: POST https://api.telegram.org/bot8782666061:AAHh0Fo2Q3XPaJJK7ijuuQSECkoTlcmMbls/getUpdates "HTTP/1.1 200 OK"
2026-04-13 12:42:40,049 | INFO | تم تحميل الفيديو: downloads\BAACAgQAAxkBAAIGFmncBiRCzz7MOvyC5q9Ze7GcyEp0AAJSCwACQ7LkUk28VA1FiD0cOwQ.mp4
2026-04-13 12:42:40,274 | INFO | HTTP Request: POST https://api.telegram.org/bot8782666061:AAHh0Fo2Q3XPaJJK7ijuuQSECkoTlcmMbls/editMessageText "HTTP/1.1 200 OK"
2026-04-13 12:42:40,491 | INFO | HTTP Request: POST https://api.telegram.org/bot8782666061:AAHh0Fo2Q3XPaJJK7ijuuQSECkoTlcmMbls/editMessageText "HTTP/1.1 200 OK"
2026-04-13 12:42:42,220 | INFO | Starting Instagram Reel post | URL: https://res.cloudinary.com/dejrsi3fd/video/upload/v1776073361/instagram_reels/dqw1coa7gjbjd8xvgyjr.mp4
2026-04-13 12:42:42,802 | INFO | Create container response: {'error': {'message': "Unsupported post request. Object with ID 'None' does not exist, cannot be loaded due to missing permissions, or does not support this operation. Please read the Graph API documentation at https://developers.facebook.com/docs/graph-api", 'type': 'GraphMethodException', 'code': 100, 'error_subcode': 33, 'fbtrace_id': 'Ab2BvKinbxPtggHt5M7_7Dx'}}
2026-04-13 12:42:42,805 | ERROR | Failed to create container: {'error': {'message': "Unsupported post request. Object with ID 'None' does not exist, cannot be loaded due to missing permissions, or does not support this operation. Please read the Graph API documentation at https://developers.facebook.com/docs/graph-api", 'type': 'GraphMethodException', 'code': 100, 'error_subcode': 33, 'fbtrace_id': 'Ab2BvKinbxPtggHt5M7_7Dx'}}
2026-04-13 12:42:43,090 | INFO | HTTP Request: POST https://api.telegram.org/bot8782666061:AAHh0Fo2Q3XPaJJK7ijuuQSECkoTlcmMbls/editMessageText "HTTP/1.1 200 OK"
2026-04-13 12:42:43,366 | INFO | HTTP Request: POST https://api.telegram.org/bot8782666061:AAHh0Fo2Q3XPaJJK7ijuuQSECkoTlcmMbls/sendMessage "HTTP/1.1 200 OK"
2026-04-13 12:42:43,567 | INFO | HTTP Request: POST https://api.telegram.org/bot8782666061:AAHh0Fo2Q3XPaJJK7ijuuQSECkoTlcmMbls/getFile "HTTP/1.1 200 OK"
2026-04-13 12:42:43,864 | INFO | HTTP Request: GET https://api.telegram.org/file/bot8782666061%3AAAHh0Fo2Q3XPaJJK7ijuuQSECkoTlcmMbls/videos/file_277.mp4 "HTTP/1.1 200 OK"
2026-04-13 12:42:44,257 | INFO | تم تحميل الفيديو: downloads\BAACAgQAAxkBAAIGF2ncBiRe4X7QyW2zc-vRo1rFDbmqAAI0CwACvbnkUjH2idKko9tuOwQ.mp4
2026-04-13 12:42:44,576 | INFO | HTTP Request: POST https://api.telegram.org/bot8782666061:AAHh0Fo2Q3XPaJJK7ijuuQSECkoTlcmMbls/editMessageText "HTTP/1.1 200 OK"
2026-04-13 12:42:44,885 | INFO | HTTP Request: POST https://api.telegram.org/bot8782666061:AAHh0Fo2Q3XPaJJK7ijuuQSECkoTlcmMbls/editMessageText "HTTP/1.1 200 OK"
2026-04-13 12:42:46,013 | INFO | Starting Instagram Reel post | URL: https://res.cloudinary.com/dejrsi3fd/video/upload/v1776073365/instagram_reels/rwctrzeq89pty2r1oe5x.mp4
2026-04-13 12:42:46,590 | INFO | Create container response: {'error': {'message': "Unsupported post request. Object with ID 'None' does not exist, cannot be loaded due to missing permissions, or does not support this operation. Please read the Graph API documentation at https://developers.facebook.com/docs/graph-api", 'type': 'GraphMethodException', 'code': 100, 'error_subcode': 33, 'fbtrace_id': 'A9yb1Ke8USuHZARvdI-1oRd'}}
2026-04-13 12:42:46,592 | ERROR | Failed to create container: {'error': {'message': "Unsupported post request. Object with ID 'None' does not exist, cannot be loaded due to missing permissions, or does not support this operation. Please read the Graph API documentation at https://developers.facebook.com/docs/graph-api", 'type': 'GraphMethodException', 'code': 100, 'error_subcode': 33, 'fbtrace_id': 'A9yb1Ke8USuHZARvdI-1oRd'}}
2026-04-13 12:42:46,856 | INFO | HTTP Request: POST https://api.telegram.org/bot8782666061:AAHh0Fo2Q3XPaJJK7ijuuQSECkoTlcmMbls/editMessageText "HTTP/1.1 200 OK"
2026-04-13 12:42:47,191 | INFO | HTTP Request: POST https://api.telegram.org/bot8782666061:AAHh0Fo2Q3XPaJJK7ijuuQSECkoTlcmMbls/sendMessage "HTTP/1.1 200 OK"
2026-04-13 12:42:47,443 | INFO | HTTP Request: POST https://api.telegram.org/bot8782666061:AAHh0Fo2Q3XPaJJK7ijuuQSECkoTlcmMbls/getFile "HTTP/1.1 200 OK"
2026-04-13 12:42:47,650 | INFO | HTTP Request: GET https://api.telegram.org/file/bot8782666061%3AAAHh0Fo2Q3XPaJJK7ijuuQSECkoTlcmMbls/videos/file_273.mp4 "HTTP/1.1 200 OK"
2026-04-13 12:42:48,911 | INFO | تم تحميل الفيديو: downloads\BAACAgQAAxkBAAIGE2ncBiQF_KPUEPgcratpV9Nuxz0JAAKfCgACfzfVUsqv89XLRtO2OwQ.mp4
2026-04-13 12:42:49,147 | INFO | HTTP Request: POST https://api.telegram.org/bot8782666061:AAHh0Fo2Q3XPaJJK7ijuuQSECkoTlcmMbls/editMessageText "HTTP/1.1 200 OK"
2026-04-13 12:42:49,227 | INFO | HTTP Request: POST https://api.telegram.org/bot8782666061:AAHh0Fo2Q3XPaJJK7ijuuQSECkoTlcmMbls/getUpdates "HTTP/1.1 200 OK"
2026-04-13 12:42:49,366 | INFO | HTTP Request: POST https://api.telegram.org/bot8782666061:AAHh0Fo2Q3XPaJJK7ijuuQSECkoTlcmMbls/editMessageText "HTTP/1.1 200 OK"
2026-04-13 12:42:53,792 | INFO | Starting Instagram Reel post | URL: https://res.cloudinary.com/dejrsi3fd/video/upload/v1776073373/instagram_reels/ckqspc4quathjci8bjye.mp4
2026-04-13 12:42:54,440 | INFO | Create container response: {'error': {'message': "Unsupported post request. Object with ID 'None' does not exist, cannot be loaded due to missing permissions, or does not support this operation. Please read the Graph API documentation at https://developers.facebook.com/docs/graph-api", 'type': 'GraphMethodException', 'code': 100, 'error_subcode': 33, 'fbtrace_id': 'A9akghjJnzTHUtpfrRtK0en'}}
2026-04-13 12:42:54,442 | ERROR | Failed to create container: {'error': {'message': "Unsupported post request. Object with ID 'None' does not exist, cannot be loaded due to missing permissions, or does not support this operation. Please read the Graph API documentation at https://developers.facebook.com/docs/graph-api", 'type': 'GraphMethodException', 'code': 100, 'error_subcode': 33, 'fbtrace_id': 'A9akghjJnzTHUtpfrRtK0en'}}
2026-04-13 12:42:55,093 | INFO | HTTP Request: POST https://api.telegram.org/bot8782666061:AAHh0Fo2Q3XPaJJK7ijuuQSECkoTlcmMbls/editMessageText "HTTP/1.1 200 OK"
2026-04-13 12:42:59,525 | INFO | HTTP Request: POST https://api.telegram.org/bot8782666061:AAHh0Fo2Q3XPaJJK7ijuuQSECkoTlcmMbls/getUpdates "HTTP/1.1 200 OK"
2026-04-13 12:43:09,742 | INFO | HTTP Request: POST https://api.telegram.org/bot8782666061:AAHh0Fo2Q3XPaJJK7ijuuQSECkoTlcmMbls/getUpdates "HTTP/1.1 200 OK"
2026-04-13 12:43:19,944 | INFO | HTTP Request: POST https://api.telegram.org/bot8782666061:AAHh0Fo2Q3XPaJJK7ijuuQSECkoTlcmMbls/getUpdates "HTTP/1.1 200 OK"
2026-04-13 12:43:30,149 | INFO | HTTP Request: POST https://api.telegram.org/bot8782666061:AAHh0Fo2Q3XPaJJK7ijuuQSECkoTlcmMbls/getUpdates "HTTP/1.1 200 OK"
2026-04-13 12:43:40,351 | INFO | HTTP Request: POST https://api.telegram.org/bot8782666061:AAHh0Fo2Q3XPaJJK7ijuuQSECkoTlcmMbls/getUpdates "HTTP/1.1 200 OK"
2026-04-13 12:43:50,628 | INFO | HTTP Request: POST https://api.telegram.org/bot8782666061:AAHh0Fo2Q3XPaJJK7ijuuQSECkoTlcmMbls/getUpdates "HTTP/1.1 200 OK"
2026-04-13 12:44:00,821 | INFO | HTTP Request: POST https://api.telegram.org/bot8782666061:AAHh0Fo2Q3XPaJJK7ijuuQSECkoTlcmMbls/getUpdates "HTTP/1.1 200 OK"
2026-04-13 12:44:11,027 | INFO | HTTP Request: POST https://api.telegram.org/bot8782666061:AAHh0Fo2Q3XPaJJK7ijuuQSECkoTlcmMbls/getUpdates "HTTP/1.1 200 OK"
2026-04-13 12:44:21,355 | INFO | HTTP Request: POST https://api.telegram.org/bot8782666061:AAHh0Fo2Q3XPaJJK7ijuuQSECkoTlcmMbls/getUpdates "HTTP/1.1 200 OK"
2026-04-13 12:44:31,586 | INFO | HTTP Request: POST https://api.telegram.org/bot8782666061:AAHh0Fo2Q3XPaJJK7ijuuQSECkoTlcmMbls/getUpdates "HTTP/1.1 200 OK"
2026-04-13 12:44:41,805 | INFO | HTTP Request: POST https://api.telegram.org/bot8782666061:AAHh0Fo2Q3XPaJJK7ijuuQSECkoTlcmMbls/getUpdates "HTTP/1.1 200 OK"
2026-04-13 12:44:52,018 | INFO | HTTP Request: POST https://api.telegram.org/bot8782666061:AAHh0Fo2Q3XPaJJK7ijuuQSECkoTlcmMbls/getUpdates "HTTP/1.1 200 OK"
2026-04-13 12:45:02,228 | INFO | HTTP Request: POST https://api.telegram.org/bot8782666061:AAHh0Fo2Q3XPaJJK7ijuuQSECkoTlcmMbls/getUpdates "HTTP/1.1 200 OK"
2026-04-13 12:45:12,422 | INFO | HTTP Request: POST https://api.telegram.org/bot8782666061:AAHh0Fo2Q3XPaJJK7ijuuQSECkoTlcmMbls/getUpdates "HTTP/1.1 200 OK"
2026-04-13 12:45:22,628 | INFO | HTTP Request: POST https://api.telegram.org/bot8782666061:AAHh0Fo2Q3XPaJJK7ijuuQSECkoTlcmMbls/getUpdates "HTTP/1.1 200 OK"
2026-04-13 12:45:32,929 | INFO | HTTP Request: POST https://api.telegram.org/bot8782666061:AAHh0Fo2Q3XPaJJK7ijuuQSECkoTlcmMbls/getUpdates "HTTP/1.1 200 OK"
2026-04-13 12:45:43,138 | INFO | HTTP Request: POST https://api.telegram.org/bot8782666061:AAHh0Fo2Q3XPaJJK7ijuuQSECkoTlcmMbls/getUpdates "HTTP/1.1 200 OK"
2026-04-13 12:45:53,357 | INFO | HTTP Request: POST https://api.telegram.org/bot8782666061:AAHh0Fo2Q3XPaJJK7ijuuQSECkoTlcmMbls/getUpdates "HTTP/1.1 200 OK"
2026-04-13 12:46:03,550 | INFO | HTTP Request: POST https://api.telegram.org/bot8782666061:AAHh0Fo2Q3XPaJJK7ijuuQSECkoTlcmMbls/getUpdates "HTTP/1.1 200 OK"
2026-04-13 12:46:13,785 | INFO | HTTP Request: POST https://api.telegram.org/bot8782666061:AAHh0Fo2Q3XPaJJK7ijuuQSECkoTlcmMbls/getUpdates "HTTP/1.1 200 OK"
2026-04-13 12:46:24,071 | INFO | HTTP Request: POST https://api.telegram.org/bot8782666061:AAHh0Fo2Q3XPaJJK7ijuuQSECkoTlcmMbls/getUpdates "HTTP/1.1 200 OK"
2026-04-13 12:46:34,479 | INFO | HTTP Request: POST https://api.telegram.org/bot8782666061:AAHh0Fo2Q3XPaJJK7ijuuQSECkoTlcmMbls/getUpdates "HTTP/1.1 200 OK"
2026-04-13 12:46:44,694 | INFO | HTTP Request: POST https://api.telegram.org/bot8782666061:AAHh0Fo2Q3XPaJJK7ijuuQSECkoTlcmMbls/getUpdates "HTTP/1.1 200 OK"
2026-04-13 12:46:54,950 | INFO | HTTP Request: POST https://api.telegram.org/bot8782666061:AAHh0Fo2Q3XPaJJK7ijuuQSECkoTlcmMbls/getUpdates "HTTP/1.1 200 OK"
2026-04-13 12:47:05,177 | INFO | HTTP Request: POST https://api.telegram.org/bot8782666061:AAHh0Fo2Q3XPaJJK7ijuuQSECkoTlcmMbls/getUpdates "HTTP/1.1 200 OK"
2026-04-13 12:47:15,377 | INFO | HTTP Request: POST https://api.telegram.org/bot8782666061:AAHh0Fo2Q3XPaJJK7ijuuQSECkoTlcmMbls/getUpdates "HTTP/1.1 200 OK"
2026-04-13 12:47:25,608 | INFO | HTTP Request: POST https://api.telegram.org/bot8782666061:AAHh0Fo2Q3XPaJJK7ijuuQSECkoTlcmMbls/getUpdates "HTTP/1.1 200 OK"
2026-04-13 12:47:35,812 | INFO | HTTP Request: POST https://api.telegram.org/bot8782666061:AAHh0Fo2Q3XPaJJK7ijuuQSECkoTlcmMbls/getUpdates "HTTP/1.1 200 OK"
2026-04-13 12:47:46,019 | INFO | HTTP Request: POST https://api.telegram.org/bot8782666061:AAHh0Fo2Q3XPaJJK7ijuuQSECkoTlcmMbls/getUpdates "HTTP/1.1 200 OK"
2026-04-13 12:47:56,291 | INFO | HTTP Request: POST https://api.telegram.org/bot8782666061:AAHh0Fo2Q3XPaJJK7ijuuQSECkoTlcmMbls/getUpdates "HTTP/1.1 200 OK"
2026-04-13 12:48:06,502 | INFO | HTTP Request: POST https://api.telegram.org/bot8782666061:AAHh0Fo2Q3XPaJJK7ijuuQSECkoTlcmMbls/getUpdates "HTTP/1.1 200 OK"
2026-04-13 12:48:16,769 | INFO | HTTP Request: POST https://api.telegram.org/bot8782666061:AAHh0Fo2Q3XPaJJK7ijuuQSECkoTlcmMbls/getUpdates "HTTP/1.1 200 OK"
2026-04-13 12:48:27,112 | INFO | HTTP Request: POST https://api.telegram.org/bot8782666061:AAHh0Fo2Q3XPaJJK7ijuuQSECkoTlcmMbls/getUpdates "HTTP/1.1 200 OK"
2026-04-13 12:48:37,337 | INFO | HTTP Request: POST https://api.telegram.org/bot8782666061:AAHh0Fo2Q3XPaJJK7ijuuQSECkoTlcmMbls/getUpdates "HTTP/1.1 200 OK"
2026-04-13 12:49:54,764 | INFO | 🤖 البوت يعمل الآن...
2026-04-13 12:49:55,481 | INFO | HTTP Request: POST https://api.telegram.org/bot8782666061:AAHh0Fo2Q3XPaJJK7ijuuQSECkoTlcmMbls/getMe "HTTP/1.1 200 OK"
2026-04-13 12:49:55,689 | INFO | HTTP Request: POST https://api.telegram.org/bot8782666061:AAHh0Fo2Q3XPaJJK7ijuuQSECkoTlcmMbls/deleteWebhook "HTTP/1.1 200 OK"
2026-04-13 12:49:55,701 | INFO | Application started
2026-04-13 12:50:05,214 | INFO | HTTP Request: POST https://api.telegram.org/bot8782666061:AAHh0Fo2Q3XPaJJK7ijuuQSECkoTlcmMbls/getUpdates "HTTP/1.1 200 OK"
2026-04-13 12:50:05,831 | INFO | HTTP Request: POST https://api.telegram.org/bot8782666061:AAHh0Fo2Q3XPaJJK7ijuuQSECkoTlcmMbls/sendMessage "HTTP/1.1 200 OK"
2026-04-13 12:50:07,201 | INFO | HTTP Request: POST https://api.telegram.org/bot8782666061:AAHh0Fo2Q3XPaJJK7ijuuQSECkoTlcmMbls/getUpdates "HTTP/1.1 200 OK"
2026-04-13 12:50:07,439 | INFO | HTTP Request: POST https://api.telegram.org/bot8782666061:AAHh0Fo2Q3XPaJJK7ijuuQSECkoTlcmMbls/sendMessage "HTTP/1.1 200 OK"
2026-04-13 12:50:10,436 | INFO | HTTP Request: POST https://api.telegram.org/bot8782666061:AAHh0Fo2Q3XPaJJK7ijuuQSECkoTlcmMbls/getUpdates "HTTP/1.1 200 OK"
2026-04-13 12:50:10,691 | INFO | HTTP Request: POST https://api.telegram.org/bot8782666061:AAHh0Fo2Q3XPaJJK7ijuuQSECkoTlcmMbls/sendMessage "HTTP/1.1 200 OK"
2026-04-13 12:50:15,354 | INFO | HTTP Request: POST https://api.telegram.org/bot8782666061:AAHh0Fo2Q3XPaJJK7ijuuQSECkoTlcmMbls/getUpdates "HTTP/1.1 200 OK"
2026-04-13 12:50:15,592 | INFO | HTTP Request: POST https://api.telegram.org/bot8782666061:AAHh0Fo2Q3XPaJJK7ijuuQSECkoTlcmMbls/sendMessage "HTTP/1.1 200 OK"
2026-04-13 12:50:17,260 | INFO | HTTP Request: POST https://api.telegram.org/bot8782666061:AAHh0Fo2Q3XPaJJK7ijuuQSECkoTlcmMbls/getUpdates "HTTP/1.1 200 OK"
2026-04-13 12:50:17,578 | INFO | HTTP Request: POST https://api.telegram.org/bot8782666061:AAHh0Fo2Q3XPaJJK7ijuuQSECkoTlcmMbls/answerCallbackQuery "HTTP/1.1 200 OK"
2026-04-13 12:50:17,790 | INFO | HTTP Request: POST https://api.telegram.org/bot8782666061:AAHh0Fo2Q3XPaJJK7ijuuQSECkoTlcmMbls/editMessageReplyMarkup "HTTP/1.1 200 OK"
2026-04-13 12:50:26,752 | INFO | HTTP Request: POST https://api.telegram.org/bot8782666061:AAHh0Fo2Q3XPaJJK7ijuuQSECkoTlcmMbls/getUpdates "HTTP/1.1 200 OK"
2026-04-13 12:50:27,403 | INFO | HTTP Request: POST https://api.telegram.org/bot8782666061:AAHh0Fo2Q3XPaJJK7ijuuQSECkoTlcmMbls/sendMessage "HTTP/1.1 200 OK"
2026-04-13 12:50:27,592 | INFO | HTTP Request: POST https://api.telegram.org/bot8782666061:AAHh0Fo2Q3XPaJJK7ijuuQSECkoTlcmMbls/getFile "HTTP/1.1 200 OK"
2026-04-13 12:50:27,971 | INFO | HTTP Request: GET https://api.telegram.org/file/bot8782666061%3AAAHh0Fo2Q3XPaJJK7ijuuQSECkoTlcmMbls/videos/file_277.mp4 "HTTP/1.1 200 OK"
2026-04-13 12:50:28,837 | INFO | تم تحميل الفيديو: downloads\BAACAgQAAxkBAAIGF2ncBiRe4X7QyW2zc-vRo1rFDbmqAAI0CwACvbnkUjH2idKko9tuOwQ.mp4
2026-04-13 12:50:29,064 | INFO | HTTP Request: POST https://api.telegram.org/bot8782666061:AAHh0Fo2Q3XPaJJK7ijuuQSECkoTlcmMbls/editMessageText "HTTP/1.1 200 OK"
2026-04-13 12:50:29,298 | INFO | HTTP Request: POST https://api.telegram.org/bot8782666061:AAHh0Fo2Q3XPaJJK7ijuuQSECkoTlcmMbls/editMessageText "HTTP/1.1 200 OK"
2026-04-13 12:50:34,500 | INFO | Starting Instagram Reel post | URL: https://res.cloudinary.com/dejrsi3fd/video/upload/v1776073833/instagram_reels/moinafetemqxaxtacrrp.mp4
2026-04-13 12:50:36,044 | INFO | Create container response: {'id': '17882562468537382'}
2026-04-13 12:50:36,044 | INFO | Container created: 17882562468537382
2026-04-13 12:50:45,063 | INFO | Container status: {'status_code': 'IN_PROGRESS', 'status': 'In Progress: Media is still being processed.', 'id': '17882562468537382'}
2026-04-13 12:50:45,067 | INFO | Still processing... attempt 1/15
2026-04-13 12:50:53,823 | INFO | Container status: {'status_code': 'FINISHED', 'status': 'Finished: Media has been uploaded and it is ready to be published.', 'id': '17882562468537382'}
2026-04-13 12:50:53,825 | INFO | Video processing complete ✅
2026-04-13 12:51:02,046 | INFO | Publish response: {'id': '18074357894222043'}
2026-04-13 12:51:02,047 | INFO | Reel published! Media ID: 18074357894222043 ✅
2026-04-13 12:51:02,052 | INFO | تم حذف الفيديو: downloads\BAACAgQAAxkBAAIGF2ncBiRe4X7QyW2zc-vRo1rFDbmqAAI0CwACvbnkUjH2idKko9tuOwQ.mp4
2026-04-13 12:51:02,056 | INFO | HTTP Request: POST https://api.telegram.org/bot8782666061:AAHh0Fo2Q3XPaJJK7ijuuQSECkoTlcmMbls/getUpdates "HTTP/1.1 200 OK"
2026-04-13 12:51:02,693 | INFO | HTTP Request: POST https://api.telegram.org/bot8782666061:AAHh0Fo2Q3XPaJJK7ijuuQSECkoTlcmMbls/editMessageText "HTTP/1.1 200 OK"
2026-04-13 12:51:12,286 | INFO | HTTP Request: POST https://api.telegram.org/bot8782666061:AAHh0Fo2Q3XPaJJK7ijuuQSECkoTlcmMbls/getUpdates "HTTP/1.1 200 OK"
2026-04-13 12:51:22,526 | INFO | HTTP Request: POST https://api.telegram.org/bot8782666061:AAHh0Fo2Q3XPaJJK7ijuuQSECkoTlcmMbls/getUpdates "HTTP/1.1 200 OK"
2026-04-13 12:51:32,728 | INFO | HTTP Request: POST https://api.telegram.org/bot8782666061:AAHh0Fo2Q3XPaJJK7ijuuQSECkoTlcmMbls/getUpdates "HTTP/1.1 200 OK"
2026-04-13 12:51:43,007 | INFO | HTTP Request: POST https://api.telegram.org/bot8782666061:AAHh0Fo2Q3XPaJJK7ijuuQSECkoTlcmMbls/getUpdates "HTTP/1.1 200 OK"
2026-04-13 12:51:53,194 | INFO | HTTP Request: POST https://api.telegram.org/bot8782666061:AAHh0Fo2Q3XPaJJK7ijuuQSECkoTlcmMbls/getUpdates "HTTP/1.1 200 OK"
2026-04-13 12:52:03,497 | INFO | HTTP Request: POST https://api.telegram.org/bot8782666061:AAHh0Fo2Q3XPaJJK7ijuuQSECkoTlcmMbls/getUpdates "HTTP/1.1 200 OK"
2026-04-13 12:52:13,709 | INFO | HTTP Request: POST https://api.telegram.org/bot8782666061:AAHh0Fo2Q3XPaJJK7ijuuQSECkoTlcmMbls/getUpdates "HTTP/1.1 200 OK"
2026-04-13 12:52:23,905 | INFO | HTTP Request: POST https://api.telegram.org/bot8782666061:AAHh0Fo2Q3XPaJJK7ijuuQSECkoTlcmMbls/getUpdates "HTTP/1.1 200 OK"
2026-04-13 12:52:34,096 | INFO | HTTP Request: POST https://api.telegram.org/bot8782666061:AAHh0Fo2Q3XPaJJK7ijuuQSECkoTlcmMbls/getUpdates "HTTP/1.1 200 OK"
2026-04-13 12:52:44,345 | INFO | HTTP Request: POST https://api.telegram.org/bot8782666061:AAHh0Fo2Q3XPaJJK7ijuuQSECkoTlcmMbls/getUpdates "HTTP/1.1 200 OK"
2026-04-13 12:52:54,543 | INFO | HTTP Request: POST https://api.telegram.org/bot8782666061:AAHh0Fo2Q3XPaJJK7ijuuQSECkoTlcmMbls/getUpdates "HTTP/1.1 200 OK"
2026-04-13 12:53:04,735 | INFO | HTTP Request: POST https://api.telegram.org/bot8782666061:AAHh0Fo2Q3XPaJJK7ijuuQSECkoTlcmMbls/getUpdates "HTTP/1.1 200 OK"
2026-04-13 12:53:14,962 | INFO | HTTP Request: POST https://api.telegram.org/bot8782666061:AAHh0Fo2Q3XPaJJK7ijuuQSECkoTlcmMbls/getUpdates "HTTP/1.1 200 OK"
2026-04-13 12:53:25,164 | INFO | HTTP Request: POST https://api.telegram.org/bot8782666061:AAHh0Fo2Q3XPaJJK7ijuuQSECkoTlcmMbls/getUpdates "HTTP/1.1 200 OK"
2026-04-13 12:53:35,445 | INFO | HTTP Request: POST https://api.telegram.org/bot8782666061:AAHh0Fo2Q3XPaJJK7ijuuQSECkoTlcmMbls/getUpdates "HTTP/1.1 200 OK"
2026-04-13 12:53:45,655 | INFO | HTTP Request: POST https://api.telegram.org/bot8782666061:AAHh0Fo2Q3XPaJJK7ijuuQSECkoTlcmMbls/getUpdates "HTTP/1.1 200 OK"
2026-04-13 12:53:55,846 | INFO | HTTP Request: POST https://api.telegram.org/bot8782666061:AAHh0Fo2Q3XPaJJK7ijuuQSECkoTlcmMbls/getUpdates "HTTP/1.1 200 OK"
2026-04-13 12:54:06,063 | INFO | HTTP Request: POST https://api.telegram.org/bot8782666061:AAHh0Fo2Q3XPaJJK7ijuuQSECkoTlcmMbls/getUpdates "HTTP/1.1 200 OK"
2026-04-13 12:54:16,303 | INFO | HTTP Request: POST https://api.telegram.org/bot8782666061:AAHh0Fo2Q3XPaJJK7ijuuQSECkoTlcmMbls/getUpdates "HTTP/1.1 200 OK"
2026-04-13 12:54:26,543 | INFO | HTTP Request: POST https://api.telegram.org/bot8782666061:AAHh0Fo2Q3XPaJJK7ijuuQSECkoTlcmMbls/getUpdates "HTTP/1.1 200 OK"
2026-04-13 12:54:36,749 | INFO | HTTP Request: POST https://api.telegram.org/bot8782666061:AAHh0Fo2Q3XPaJJK7ijuuQSECkoTlcmMbls/getUpdates "HTTP/1.1 200 OK"
2026-04-13 12:54:46,940 | INFO | HTTP Request: POST https://api.telegram.org/bot8782666061:AAHh0Fo2Q3XPaJJK7ijuuQSECkoTlcmMbls/getUpdates "HTTP/1.1 200 OK"
2026-04-13 12:54:57,142 | INFO | HTTP Request: POST https://api.telegram.org/bot8782666061:AAHh0Fo2Q3XPaJJK7ijuuQSECkoTlcmMbls/getUpdates "HTTP/1.1 200 OK"
2026-04-13 12:55:07,337 | INFO | HTTP Request: POST https://api.telegram.org/bot8782666061:AAHh0Fo2Q3XPaJJK7ijuuQSECkoTlcmMbls/getUpdates "HTTP/1.1 200 OK"
2026-04-13 12:55:17,533 | INFO | HTTP Request: POST https://api.telegram.org/bot8782666061:AAHh0Fo2Q3XPaJJK7ijuuQSECkoTlcmMbls/getUpdates "HTTP/1.1 200 OK"
2026-04-13 12:55:27,731 | INFO | HTTP Request: POST https://api.telegram.org/bot8782666061:AAHh0Fo2Q3XPaJJK7ijuuQSECkoTlcmMbls/getUpdates "HTTP/1.1 200 OK"
2026-04-13 12:55:37,938 | INFO | HTTP Request: POST https://api.telegram.org/bot8782666061:AAHh0Fo2Q3XPaJJK7ijuuQSECkoTlcmMbls/getUpdates "HTTP/1.1 200 OK"
2026-04-13 12:55:48,129 | INFO | HTTP Request: POST https://api.telegram.org/bot8782666061:AAHh0Fo2Q3XPaJJK7ijuuQSECkoTlcmMbls/getUpdates "HTTP/1.1 200 OK"
2026-04-13 12:55:58,314 | INFO | HTTP Request: POST https://api.telegram.org/bot8782666061:AAHh0Fo2Q3XPaJJK7ijuuQSECkoTlcmMbls/getUpdates "HTTP/1.1 200 OK"
2026-04-13 12:56:08,510 | INFO | HTTP Request: POST https://api.telegram.org/bot8782666061:AAHh0Fo2Q3XPaJJK7ijuuQSECkoTlcmMbls/getUpdates "HTTP/1.1 200 OK"
2026-04-13 12:56:18,716 | INFO | HTTP Request: POST https://api.telegram.org/bot8782666061:AAHh0Fo2Q3XPaJJK7ijuuQSECkoTlcmMbls/getUpdates "HTTP/1.1 200 OK"
2026-04-13 12:56:28,901 | INFO | HTTP Request: POST https://api.telegram.org/bot8782666061:AAHh0Fo2Q3XPaJJK7ijuuQSECkoTlcmMbls/getUpdates "HTTP/1.1 200 OK"
2026-04-13 12:56:39,087 | INFO | HTTP Request: POST https://api.telegram.org/bot8782666061:AAHh0Fo2Q3XPaJJK7ijuuQSECkoTlcmMbls/getUpdates "HTTP/1.1 200 OK"
2026-04-13 12:56:49,294 | INFO | HTTP Request: POST https://api.telegram.org/bot8782666061:AAHh0Fo2Q3XPaJJK7ijuuQSECkoTlcmMbls/getUpdates "HTTP/1.1 200 OK"
2026-04-13 12:56:59,832 | INFO | 🤖 البوت يعمل الآن...
2026-04-13 12:57:00,391 | INFO | HTTP Request: POST https://api.telegram.org/bot8782666061:AAHh0Fo2Q3XPaJJK7ijuuQSECkoTlcmMbls/getMe "HTTP/1.1 200 OK"
2026-04-13 12:57:00,572 | INFO | HTTP Request: POST https://api.telegram.org/bot8782666061:AAHh0Fo2Q3XPaJJK7ijuuQSECkoTlcmMbls/deleteWebhook "HTTP/1.1 200 OK"
2026-04-13 12:57:00,577 | INFO | Application started
2026-04-13 12:57:11,367 | INFO | HTTP Request: POST https://api.telegram.org/bot8782666061:AAHh0Fo2Q3XPaJJK7ijuuQSECkoTlcmMbls/getUpdates "HTTP/1.1 200 OK"
2026-04-13 12:57:21,556 | INFO | HTTP Request: POST https://api.telegram.org/bot8782666061:AAHh0Fo2Q3XPaJJK7ijuuQSECkoTlcmMbls/getUpdates "HTTP/1.1 200 OK"
2026-04-13 12:57:31,763 | INFO | HTTP Request: POST https://api.telegram.org/bot8782666061:AAHh0Fo2Q3XPaJJK7ijuuQSECkoTlcmMbls/getUpdates "HTTP/1.1 200 OK"
2026-04-13 12:57:41,959 | INFO | HTTP Request: POST https://api.telegram.org/bot8782666061:AAHh0Fo2Q3XPaJJK7ijuuQSECkoTlcmMbls/getUpdates "HTTP/1.1 200 OK"
2026-04-13 12:57:52,165 | INFO | HTTP Request: POST https://api.telegram.org/bot8782666061:AAHh0Fo2Q3XPaJJK7ijuuQSECkoTlcmMbls/getUpdates "HTTP/1.1 200 OK"
2026-04-13 12:58:02,411 | INFO | HTTP Request: POST https://api.telegram.org/bot8782666061:AAHh0Fo2Q3XPaJJK7ijuuQSECkoTlcmMbls/getUpdates "HTTP/1.1 200 OK"
2026-04-13 12:58:12,622 | INFO | HTTP Request: POST https://api.telegram.org/bot8782666061:AAHh0Fo2Q3XPaJJK7ijuuQSECkoTlcmMbls/getUpdates "HTTP/1.1 200 OK"
2026-04-13 12:58:22,894 | INFO | HTTP Request: POST https://api.telegram.org/bot8782666061:AAHh0Fo2Q3XPaJJK7ijuuQSECkoTlcmMbls/getUpdates "HTTP/1.1 200 OK"
2026-04-13 12:58:33,092 | INFO | HTTP Request: POST https://api.telegram.org/bot8782666061:AAHh0Fo2Q3XPaJJK7ijuuQSECkoTlcmMbls/getUpdates "HTTP/1.1 200 OK"
2026-04-13 12:58:43,299 | INFO | HTTP Request: POST https://api.telegram.org/bot8782666061:AAHh0Fo2Q3XPaJJK7ijuuQSECkoTlcmMbls/getUpdates "HTTP/1.1 200 OK"
2026-04-13 12:58:53,508 | INFO | HTTP Request: POST https://api.telegram.org/bot8782666061:AAHh0Fo2Q3XPaJJK7ijuuQSECkoTlcmMbls/getUpdates "HTTP/1.1 200 OK"
